source_file,sbom_name,spdx_version,n_packages_total,n_dependencies,n_ecosystems,ecosystems,n_versions_exact,n_versions_range,has_unresolved_comment,created,recovered_concat,n_json_objects
20250210_447_sbom_data.json,com.github.sekthor/singing-city,SPDX-2.3,933,932,3,"github_actions,golang,npm",928,0,False,2025-02-10T13:52:21Z,False,1
20250312_248_sbom_data.json,com.github.minetest-mods/vehicle_mash,SPDX-2.3,3,2,1,github_actions,1,0,False,2025-03-12T12:04:14Z,False,1
20250308_540_sbom_data.json,com.github.sashmlv/modules-hash,SPDX-2.3,14,13,1,npm,0,13,True,2025-03-08T13:54:56Z,False,1
20250502_jumbo_3179_sbom_data.json,com.github.Nagajothi-Ganesh/Coffee-full-stack,SPDX-2.3,1064,1063,2,"npm,pypi",1062,0,False,2025-05-02T19:21:47Z,False,1
20250211_1366_sbom_data.json,com.github.exwhyeye/sandbox,SPDX-2.3,802,801,1,npm,798,0,False,2025-02-11T13:21:54Z,False,1
20250307_139_sbom_data.json,com.github.James-W-Berry/James-W-Berry.github.io,SPDX-2.3,1544,1543,1,npm,1540,0,False,2025-03-07T10:22:29Z,False,1
20250419_491_sbom_data.json,com.github.cobeisfresh/lemon-box,SPDX-2.3,556,555,1,npm,555,0,False,2025-04-19T15:44:44Z,False,1
20250414_793_sbom_data.json,com.github.hgupta12/go-todo-rest-api,SPDX-2.3,21,20,1,golang,18,0,False,2025-04-14T09:39:31Z,False,1
20250502_jumbo_12963_sbom_data.json,com.github.Cerynna/SpacialGame,SPDX-2.3,432,431,1,npm,431,0,False,2025-05-03T15:47:50Z,False,1
20250320_1023_sbom_data.json,com.github.klefo0/mirai_maintain,SPDX-2.3,334,333,1,npm,331,0,False,2025-03-20T14:19:11Z,False,1
20250324_485_sbom_data.json,com.github.SamCambraia1/SamCambraia1,SPDX-2.3,3,2,1,github_actions,1,0,False,2025-03-24T11:39:48Z,False,1
20250219_1142_sbom_data.json,com.github.samyak-hash/sign-language-recognition,SPDX-2.3,41,40,1,pub,40,0,False,2025-02-19T11:22:18Z,False,1
20250411_866_sbom_data.json,com.github.intoffset/flutter_examples,SPDX-2.3,47,46,1,pub,45,1,True,2025-04-11T14:46:04Z,False,1
20250324_242_sbom_data.json,com.github.kritikm/TheAgeBlog,SPDX-2.3,2,1,1,composer,1,0,False,2025-03-24T11:36:18Z,False,1
20250322_241_sbom_data.json,com.github.markitr/tabulate,SPDX-2.3,7,6,1,github_actions,5,0,False,2025-03-22T14:30:04Z,False,1
20250416_657_sbom_data.json,com.github.JSoulas/github-slideshow,SPDX-2.3,95,94,2,"gem,npm",94,0,False,2025-04-16T19:33:52Z,False,1
20250502_jumbo_10892_sbom_data.json,com.github.samithaf/nextjs-docker,SPDX-2.3,31,30,2,"github_actions,npm",29,1,False,2025-05-03T14:32:05Z,False,1
20250306_550_sbom_data.json,com.github.SwanandPurkar/TextUtils-React,SPDX-2.3,1217,1216,1,npm,1211,0,False,2025-03-06T06:53:59Z,False,1
20250502_jumbo_979_sbom_data.json,com.github.AnushanR/emojiDictionary,SPDX-2.3,1392,1391,1,npm,1388,0,False,2025-05-02T17:28:08Z,False,1
20250307_1428_sbom_data.json,com.github.kashtech79/advanced-java,SPDX-2.3,3,2,1,maven,1,0,False,2025-03-07T13:10:22Z,False,1
20250227_1133_sbom_data.json,com.github.DataDog/go-runtime-metrics-internal,SPDX-2.3,7,6,2,"github_actions,golang",4,2,False,2025-02-27T10:20:49Z,False,1
20250323_221_sbom_data.json,com.github.nvirth/BookTera-WinStore,SPDX-2.3,4,3,1,nuget,3,0,False,2025-03-23T12:17:48Z,False,1
20250321_648_sbom_data.json,com.github.lbl1985/learnPug,SPDX-2.3,3,2,1,npm,0,2,True,2025-03-21T12:39:46Z,False,1
20250420_249_sbom_data.json,com.github.smy329/car-doctor-express-server,SPDX-2.3,86,85,1,npm,85,0,False,2025-04-20T11:10:29Z,False,1
20250324_396_sbom_data.json,com.github.j2eework/com.pypay.sofa,SPDX-2.3,19,18,1,maven,8,0,True,2025-03-24T11:38:33Z,False,1
20250214_1461_sbom_data.json,com.github.LacoAncaLaura/PhoneBook,SPDX-2.3,6,5,1,maven,5,0,False,2025-02-14T13:30:05Z,False,1
20250306_771_sbom_data.json,com.github.yushuz/zoe-null-safety,SPDX-2.3,28,27,2,"pub,pypi",27,0,False,2025-03-06T06:56:35Z,False,1
20250327_1054_sbom_data.json,com.github.romaaaa0/Zoo,SPDX-2.3,44,43,1,npm,36,0,False,2025-03-27T12:32:12Z,False,1
20250215_283_sbom_data.json,com.github.alexyd88/Dijkstra-Visualizer,SPDX-2.3,1304,1303,1,npm,1296,0,False,2025-02-15T14:50:15Z,False,1
20250502_jumbo_13314_sbom_data.json,com.github.harodemanish/javascripproject,SPDX-2.3,1226,1225,1,npm,1219,0,False,2025-05-03T15:52:06Z,False,1
20250407_203_sbom_data.json,com.github.Elikdev/nestjs-rest-api,SPDX-2.3,704,703,1,npm,701,0,False,2025-04-07T11:01:09Z,False,1
20250412_1361_sbom_data.json,com.github.solloc/image-hub-legacy,SPDX-2.3,30,29,1,npm,1,28,False,2025-04-12T18:57:45Z,False,1
20250417_208_sbom_data.json,com.github.pedroluzio/EducationEllie,SPDX-2.3,10,9,1,nuget,9,0,False,2025-04-17T10:40:56Z,False,1
20250224_1367_sbom_data.json,com.github.maxguil/tp3,SPDX-2.3,11,10,1,maven,7,0,True,2025-02-24T14:45:29Z,False,1
20250226_632_sbom_data.json,com.github.meganzhang88/LearnTogether,SPDX-2.3,348,347,1,npm,346,0,False,2025-02-26T12:37:20Z,False,1
20250325_132_sbom_data.json,com.github.Shekharrajak/pleasesoundhorn_Website_official,SPDX-2.3,8,7,1,npm,0,7,False,2025-03-25T12:07:19Z,False,1
20250418_910_sbom_data.json,com.github.DidierVigoya/app-pedidos-backend,SPDX-2.3,543,542,1,npm,540,0,False,2025-04-19T14:55:45Z,False,1
20250502_jumbo_13802_sbom_data.json,com.github.ya2s34/AIDOUNI-ELBAKKOUCHI_C2,SPDX-2.3,84,83,1,npm,82,0,False,2025-05-03T19:38:32Z,False,1
20250311_1388_sbom_data.json,com.github.afroraydude/busycheck-api,SPDX-2.3,235,234,1,npm,232,0,False,2025-03-11T14:28:50Z,False,1
20250502_jumbo_9047_sbom_data.json,com.github.epochwolf/irssi_log_reader,SPDX-2.3,6,5,1,gem,0,5,True,2025-05-03T02:11:38Z,False,1
20250320_100_sbom_data.json,com.github.WellSilva/ttrends,SPDX-2.3,426,425,1,npm,424,0,False,2025-03-20T12:34:10Z,False,1
20250330_99_sbom_data.json,com.github.logue/MabiPack,SPDX-2.3,10,9,1,nuget,9,0,False,2025-03-30T12:42:34Z,False,1
20250310_824_sbom_data.json,com.github.Nikita-Rao24/Peak-detection,SPDX-2.3,2,1,1,pypi,0,0,True,2025-03-10T11:19:32Z,False,1
20250315_1221_sbom_data.json,com.github.Rajikul340/atg-world,SPDX-2.3,1225,1224,1,npm,1219,0,False,2025-03-15T15:31:05Z,True,2
20250408_221_sbom_data.json,com.github.kjenod/pubsub-facades,SPDX-2.3,3,2,1,pypi,0,0,True,2025-04-08T11:44:26Z,False,1
20250303_1483_sbom_data.json,com.github.yuki-koma2/continuous-integration-circle,SPDX-2.3,101,100,1,gem,100,0,False,2025-03-03T13:51:27Z,False,1
20250323_91_sbom_data.json,com.github.SparkEquation/basic-app-react-native,SPDX-2.3,809,808,1,npm,807,0,False,2025-03-23T12:16:20Z,False,1
20250502_jumbo_7959_sbom_data.json,com.github.KovalevskayaX5/ProductMananger,SPDX-2.3,7,6,2,"github_actions,maven",6,0,False,2025-05-03T01:11:09Z,False,1
20250419_1455_sbom_data.json,com.github.Kuchezai/laravel-mysql-example,SPDX-2.3,113,112,2,"composer,npm",107,5,False,2025-04-19T17:02:18Z,False,1
20250316_1292_sbom_data.json,com.github.fajaramaulana/perpustakaan-expressjs,SPDX-2.3,345,344,1,npm,343,0,False,2025-03-16T12:08:41Z,False,1
20250308_1092_sbom_data.json,com.github.Ferdimanaaa/polymer-template,SPDX-2.3,552,551,1,npm,549,0,False,2025-03-08T14:23:07Z,False,1
20250308_1329_sbom_data.json,com.github.ehimmelstoss-usgs/dsasv5,SPDX-2.3,6,5,1,nuget,5,0,False,2025-03-08T14:37:41Z,False,1
20250502_jumbo_2331_sbom_data.json,com.github.whitexgod/notifying-bot,SPDX-2.3,25,24,1,pypi,24,0,False,2025-05-02T18:31:03Z,False,1
20250405_877_sbom_data.json,com.github.altun42/ReCapProject,SPDX-2.3,2,1,1,nuget,1,0,False,2025-04-05T15:43:53Z,False,1
20250411_217_sbom_data.json,com.github.rogerpence/generate-json-table-schema,SPDX-2.3,4,3,1,nuget,3,0,False,2025-04-11T14:07:20Z,False,1
20250426_1545_sbom_data.json,com.github.PhuongTMR/pdfgen-python,SPDX-2.3,24,23,1,pypi,23,0,False,2025-04-26T11:23:42Z,False,1
20250329_448_sbom_data.json,com.github.ShaneFairweather/React-iTunes,SPDX-2.3,21,20,1,npm,0,20,False,2025-03-29T14:44:44Z,False,1
20250412_1423_sbom_data.json,com.github.zoroplay/hotbet,SPDX-2.3,1294,1293,1,npm,1291,0,False,2025-04-12T18:58:26Z,False,1
20250502_jumbo_6624_sbom_data.json,com.github.thilanj/relman,SPDX-2.3,641,640,1,maven,492,0,True,2025-05-02T23:18:26Z,False,1
20250326_674_sbom_data.json,com.github.mazlumozmen/kisiselWebProjesi,SPDX-2.3,20,19,1,nuget,19,0,False,2025-03-26T12:58:13Z,False,1
20250427_65_sbom_data.json,com.github.FruitieX/node-switchduino,SPDX-2.3,6,5,1,npm,0,5,False,2025-04-27T12:33:46Z,False,1
20250323_832_sbom_data.json,com.github.mahartma/SpringCloudTask,SPDX-2.3,7,6,1,maven,1,0,True,2025-03-23T12:28:00Z,False,1
20250210_1258_sbom_data.json,com.github.MikeyObviously/lawcms,SPDX-2.3,2,1,1,npm,0,1,True,2025-02-10T14:06:18Z,False,1
20250418_1115_sbom_data.json,com.github.SERVIANTX/app_angelamaria_movil,SPDX-2.3,107,106,1,pub,106,0,False,2025-04-19T15:32:14Z,False,1
20250216_1131_sbom_data.json,com.github.walkerlangley/basic-node-server,SPDX-2.3,17,16,1,npm,1,15,True,2025-02-16T13:06:39Z,False,1
20250502_jumbo_11496_sbom_data.json,com.github.vaibhav-shirodkar/MavenProject,SPDX-2.3,2,1,1,maven,1,0,False,2025-05-03T14:37:30Z,False,1
20250214_449_sbom_data.json,com.github.o-kun8228/git-app,SPDX-2.3,957,956,2,"gem,npm",955,0,False,2025-02-14T12:40:57Z,False,1
20250307_82_sbom_data.json,com.github.DavidValin/books-app,SPDX-2.3,2680,2679,1,npm,2677,0,False,2025-03-07T10:21:40Z,False,1
20250502_jumbo_14282_sbom_data.json,com.github.houdatazi/Digital-Banking-,SPDX-2.3,870,869,2,"maven,npm",861,0,True,2025-05-03T19:47:23Z,False,1
20250308_194_sbom_data.json,com.github.jellive/react_native_test,SPDX-2.3,1087,1086,1,npm,1017,0,False,2025-03-08T13:45:24Z,False,1
20250404_1683_sbom_data.json,com.github.Darthteddy13/dm-rollbar-demo,SPDX-2.3,66,65,1,npm,65,0,False,2025-04-05T18:28:58Z,False,1
20250214_1123_sbom_data.json,com.github.ellijayne/react-redux-miniapps,SPDX-2.3,8,7,1,npm,2,5,True,2025-02-14T12:58:59Z,False,1
20250219_1451_sbom_data.json,com.github.hyphenliu/EasyWork,SPDX-2.3,4,3,1,npm,3,0,False,2025-02-19T12:09:26Z,False,1
20250319_857_sbom_data.json,com.github.AppBuilderMS/Laravel-Portifolio-Template,SPDX-2.3,822,821,2,"composer,npm",820,0,False,2025-03-19T09:08:52Z,False,1
20250302_1466_sbom_data.json,com.github.RoyDavinci/RingoPlusApp,SPDX-2.3,932,931,2,"gem,npm",925,1,True,2025-03-02T14:39:46Z,False,1
20250329_223_sbom_data.json,com.github.dhruv8433/chat-web,SPDX-2.3,463,462,1,npm,461,0,False,2025-03-29T14:41:51Z,False,1
20250301_261_sbom_data.json,com.github.AbhiJain2196/Netflix-clone,SPDX-2.3,1848,1847,1,npm,1843,0,False,2025-03-01T13:10:17Z,False,1
20250312_876_sbom_data.json,com.github.Ieptor/ScreenGrabber,SPDX-2.3,472,471,1,cargo,470,0,False,2025-03-12T12:39:35Z,False,1
20250209_351_sbom_data.json,com.github.GuilhermeMLopes/dev,SPDX-2.3,7,6,1,nuget,6,0,False,2025-02-09T15:37:07Z,True,2
20250218_533_sbom_data.json,com.github.TT-TutoriaIs/GANG-Nuker,SPDX-2.3,40,39,1,pypi,0,0,True,2025-02-18T12:24:52Z,False,1
20250405_1585_sbom_data.json,com.github.Tmee/Ruby-Finder,SPDX-2.3,81,80,1,gem,80,0,False,2025-04-05T16:56:15Z,False,1
20250227_1478_sbom_data.json,com.github.mcornielly/speaksmarter-app,SPDX-2.3,319,318,2,"composer,npm",318,0,False,2025-02-27T10:32:06Z,False,1
20250208_1394_sbom_data.json,com.github.KseniaZakh/florusin,SPDX-2.3,2,1,1,npm,1,0,False,2025-02-09T21:07:21Z,False,1
20250325_816_sbom_data.json,com.github.awhina1/github-slideshow,SPDX-2.3,95,94,2,"gem,npm",94,0,False,2025-03-25T12:23:38Z,False,1
20250402_1511_sbom_data.json,com.github.maina2/Medicare-project,SPDX-2.3,595,594,1,npm,591,0,False,2025-04-02T21:38:54Z,True,2
20250406_1002_sbom_data.json,com.github.gshamalta-godaddy/uxcore-bundle,SPDX-2.3,466,465,1,npm,463,0,False,2025-04-06T11:28:55Z,False,1
20250407_861_sbom_data.json,com.github.0xadada/vital-cause,SPDX-2.3,528,527,1,npm,527,0,False,2025-04-07T11:18:12Z,False,1
20250226_192_sbom_data.json,com.github.joshuaewell/AccessModifiers,SPDX-2.3,4,3,1,nuget,3,0,False,2025-02-26T12:30:01Z,False,1
20250217_1222_sbom_data.json,com.github.JavierArriagada/repository_research,SPDX-2.3,2,1,1,npm,1,0,False,2025-02-17T11:53:56Z,False,1
20250215_700_sbom_data.json,com.github.MisterDeejay/CatRentalAPI,SPDX-2.3,59,58,1,gem,58,0,False,2025-02-15T14:55:00Z,False,1
20250327_1532_sbom_data.json,com.github.CodeByCK/Iron-Budget-Client,SPDX-2.3,1489,1488,1,npm,1481,0,False,2025-03-27T12:50:30Z,False,1
20250421_528_sbom_data.json,com.github.andrew-bingham1/stars_and_planets,SPDX-2.3,91,90,1,gem,90,0,False,2025-04-21T11:52:22Z,False,1
20250217_1561_sbom_data.json,com.github.jimspags/todolist-csharpangular,SPDX-2.3,904,903,2,"npm,nuget",900,0,False,2025-02-17T12:44:35Z,False,1
20250426_1120_sbom_data.json,com.github.n33l9261/designlabfinal,SPDX-2.3,2432,2431,1,npm,2366,0,False,2025-04-26T10:26:35Z,False,1
20250417_234_sbom_data.json,com.github.ntimanu/Portfolio,SPDX-2.3,837,836,2,"github_actions,npm",835,0,False,2025-04-17T10:41:20Z,False,1
20250415_1518_sbom_data.json,com.github.791125/github-slideshow,SPDX-2.3,96,95,2,"gem,npm",95,0,False,2025-04-16T12:46:30Z,False,1
20250410_1473_sbom_data.json,com.github.codefingas/nodejs-wesbos,SPDX-2.3,866,865,1,npm,864,0,False,2025-04-10T11:53:24Z,False,1
20250427_294_sbom_data.json,com.github.dutra-diego/todolist-em-java,SPDX-2.3,9,8,1,maven,2,0,True,2025-04-27T12:37:40Z,False,1
20250315_1483_sbom_data.json,com.github.SriShathurika21ITR105/consultancyfurniture,SPDX-2.3,1332,1331,1,npm,1325,0,False,2025-03-15T15:35:55Z,False,1
20250317_1341_sbom_data.json,com.github.Prerit007/Genoshi,SPDX-2.3,335,334,1,npm,333,0,False,2025-03-17T12:50:41Z,False,1
20250502_jumbo_5995_sbom_data.json,com.github.AravindRavi95/Node-ExternalAPI,SPDX-2.3,3,2,1,npm,0,2,False,2025-05-02T23:09:42Z,False,1
20250209_1113_sbom_data.json,com.github.playrough/nodejs-blog,SPDX-2.3,150,149,1,npm,149,0,False,2025-02-09T01:11:04Z,True,2
20250421_847_sbom_data.json,com.github.Bhanu0301/Daily-Journal,SPDX-2.3,77,76,1,npm,76,0,False,2025-04-21T12:04:21Z,False,1
20250415_1117_sbom_data.json,com.github.erwinreyzon/params-practice-app,SPDX-2.3,55,54,1,gem,53,0,False,2025-04-16T11:56:16Z,False,1
20250223_285_sbom_data.json,com.github.andreabarraza/tienda_inacap,SPDX-2.3,49,48,1,composer,48,0,False,2025-02-23T13:26:27Z,False,1
20250215_753_sbom_data.json,com.github.freshc0w/FullStackOpenEx,SPDX-2.3,2228,2227,1,npm,2219,0,False,2025-02-15T14:55:37Z,False,1
20250331_159_sbom_data.json,com.github.sikupe/robotics-2-exercise,SPDX-2.3,3,2,1,pypi,0,0,True,2025-03-31T09:53:23Z,False,1
20250315_393_sbom_data.json,com.github.SVaish/consumerBankingPolling,SPDX-2.3,2,1,1,maven,1,0,False,2025-03-15T14:18:16Z,False,1
20250219_866_sbom_data.json,com.github.stoneloney/okex,SPDX-2.3,5,4,1,golang,4,0,False,2025-02-19T11:18:58Z,False,1
20250223_621_sbom_data.json,com.github.nishikawa202112/books-app,SPDX-2.3,1021,1020,2,"gem,npm",1018,0,False,2025-02-23T13:31:30Z,False,1
20250311_1011_sbom_data.json,com.github.StarkOne/jilfond-report,SPDX-2.3,320,319,1,npm,319,0,False,2025-03-11T12:21:08Z,False,1
20250221_264_sbom_data.json,com.github.BradLeftley/crypto-dash,SPDX-2.3,1439,1438,1,npm,1434,0,False,2025-02-21T12:50:10Z,False,1
20250313_1395_sbom_data.json,com.github.Louis1404/rails-mister-cocktail,SPDX-2.3,1013,1012,2,"gem,npm",1012,0,False,2025-03-13T02:05:58Z,True,2
20250429_422_sbom_data.json,com.github.azarai/spring-boot-intermediate-microservices,SPDX-2.3,26,25,1,maven,6,0,True,2025-04-29T13:33:57Z,False,1
20250423_1523_sbom_data.json,com.github.sumitjagdale/librealsense,SPDX-2.3,236,235,3,"npm,nuget,pypi",227,4,True,2025-04-23T13:46:22Z,False,1
20250218_34_sbom_data.json,com.github.karuppiah7890/merge_my_pdfs,SPDX-2.3,20,19,1,pub,19,0,False,2025-02-18T12:16:17Z,False,1
20250502_jumbo_4060_sbom_data.json,com.github.beestreams/laravelimageable,SPDX-2.3,2,1,1,composer,0,1,True,2025-05-02T19:40:22Z,False,1
20250209_1160_sbom_data.json,com.github.Fraudxw/Frauds-too-cool,SPDX-2.3,6,5,1,npm,0,4,True,2025-02-09T16:15:12Z,True,2
20250225_218_sbom_data.json,com.github.gitjovicega/spring4,SPDX-2.3,638,637,1,npm,636,0,False,2025-02-25T13:09:58Z,False,1
20250309_1384_sbom_data.json,com.github.congsiyc/rocketmq-console,SPDX-2.3,25,24,1,maven,20,0,True,2025-03-09T14:02:58Z,False,1
20250219_732_sbom_data.json,com.github.rolodromo/heroku-cron-scheduler,SPDX-2.3,7,6,1,npm,6,0,False,2025-02-19T11:17:21Z,False,1
20250414_535_sbom_data.json,com.github.FilipWu/quiz3,SPDX-2.3,5,4,1,maven,4,0,False,2025-04-14T09:35:36Z,False,1
20250327_480_sbom_data.json,com.github.v11run/ott_backend,SPDX-2.3,171,170,1,npm,170,0,False,2025-03-27T11:54:48Z,False,1
20250228_676_sbom_data.json,com.github.Jabernathy88/unit-test-redux,SPDX-2.3,11,10,1,npm,5,5,True,2025-02-28T12:32:08Z,False,1
20250502_jumbo_3200_sbom_data.json,com.github.bonifazy/nova,SPDX-2.3,19,18,1,pypi,18,0,False,2025-05-02T19:22:07Z,False,1
20250319_1140_sbom_data.json,com.github.MarvinBost/front-portfolio,SPDX-2.3,296,295,1,npm,294,0,False,2025-03-19T09:15:40Z,False,1
20250502_jumbo_10302_sbom_data.json,com.github.HiimLuki/Car4You,SPDX-2.3,13,12,1,npm,1,11,False,2025-05-03T13:25:52Z,False,1
20250220_1698_sbom_data.json,com.github.jacksonDenisov/java-shareit,SPDX-2.3,24,23,2,"github_actions,maven",5,0,True,2025-02-20T13:01:44Z,False,1
20250426_1598_sbom_data.json,com.github.louishugens/gatsby-starter-hello-world,SPDX-2.3,2490,2489,1,npm,2477,0,False,2025-04-26T11:24:28Z,False,1
20250312_982_sbom_data.json,com.github.jagasanD/spring-batch,SPDX-2.3,11,10,1,maven,0,0,True,2025-03-12T12:41:16Z,False,1
20250321_1419_sbom_data.json,com.github.nahom4/unit_converter,SPDX-2.3,22,21,1,pub,21,0,False,2025-03-21T13:36:18Z,False,1
20250424_128_sbom_data.json,com.github.shrutitagade/weather-forecasting-app,SPDX-2.3,1285,1284,1,npm,1277,0,False,2025-04-24T11:42:52Z,False,1
20250318_944_sbom_data.json,com.github.JoshKeesee/Gemkit,SPDX-2.3,181,180,1,npm,180,0,False,2025-03-18T16:06:15Z,False,1
20250210_945_sbom_data.json,com.github.acciojob/Headline-With-The-H2-Element-sabari882578358,SPDX-2.3,2,1,1,github_actions,0,0,False,2025-02-10T14:02:28Z,False,1
20250221_247_sbom_data.json,com.github.Foxik007/FastApi_SqlAlchemy_alembic,SPDX-2.3,23,22,1,pypi,22,0,False,2025-02-21T12:49:47Z,False,1
20250310_444_sbom_data.json,com.github.fxmsp/github-slideshow,SPDX-2.3,100,99,2,"gem,npm",99,0,False,2025-03-10T11:12:42Z,False,1
20250417_1221_sbom_data.json,com.github.girdharsourabh/xerowrapper,SPDX-2.3,3,2,1,maven,2,0,False,2025-04-17T10:57:44Z,False,1
20250311_1185_sbom_data.json,com.github.MoldavianDron/resume-builder,SPDX-2.3,1605,1604,1,npm,1597,0,False,2025-03-11T12:23:46Z,False,1
20250212_1351_sbom_data.json,com.github.yasashi23/myBpulsa-project,SPDX-2.3,19,18,1,npm,1,17,True,2025-02-12T12:57:20Z,False,1
20250320_448_sbom_data.json,com.github.vykrum/TstngWtrs,SPDX-2.3,2,1,1,nuget,1,0,False,2025-03-20T12:38:38Z,False,1
20250420_1248_sbom_data.json,com.github.LebGuillaume/Selecteur-de-periode,SPDX-2.3,1194,1193,1,npm,1186,0,False,2025-04-20T11:30:06Z,False,1
20250408_942_sbom_data.json,com.github.Christoph551/Team-Profile-Generator,SPDX-2.3,4,3,1,npm,0,3,False,2025-04-09T12:12:51Z,False,1
20250302_1439_sbom_data.json,com.github.maheshnd/AmazonCognito,SPDX-2.3,131,130,1,npm,130,0,False,2025-03-02T14:39:32Z,False,1
20250309_788_sbom_data.json,com.github.shahrozdomore/vue-ionic,SPDX-2.3,1558,1557,1,npm,1551,0,False,2025-03-09T12:55:48Z,False,1
20250412_1260_sbom_data.json,com.github.b1nary/railstastic,SPDX-2.3,86,85,1,gem,84,0,False,2025-04-12T18:56:34Z,False,1
20250429_321_sbom_data.json,com.github.Khasiyeva/BE-ExamMVC,SPDX-2.3,7,6,1,nuget,6,0,False,2025-04-29T12:53:17Z,False,1
20250303_1161_sbom_data.json,com.github.AggroCow/MakerslabSoSe22SmartPetfeeder,SPDX-2.3,3,2,1,pypi,0,0,True,2025-03-03T12:55:44Z,False,1
20250422_11_sbom_data.json,com.github.kirlangic05/Hal,SPDX-2.3,7,6,1,maven,0,0,True,2025-04-23T14:21:02Z,False,1
20250316_161_sbom_data.json,com.github.antigo-icaroteles/frontend-bloxs-challenge,SPDX-2.3,2356,2355,1,npm,2347,0,False,2025-03-16T11:35:21Z,False,1
20250222_902_sbom_data.json,com.github.shamil9/vimeo-test,SPDX-2.3,835,834,1,npm,832,0,False,2025-02-22T14:03:32Z,False,1
20250426_96_sbom_data.json,com.github.jasonmcaffee/tower-defense,SPDX-2.3,1993,1992,1,npm,1989,0,False,2025-04-26T10:11:51Z,False,1
20250502_jumbo_5339_sbom_data.json,com.github.Morpa/Remix-Good-Morning,SPDX-2.3,1349,1348,2,"github_actions,npm",1342,0,False,2025-05-02T21:47:29Z,False,1
20250421_1376_sbom_data.json,com.github.Vineti-Internship/tdd_with_jest,SPDX-2.3,1339,1338,1,npm,1321,0,False,2025-04-21T14:05:34Z,False,1
20250315_625_sbom_data.json,com.github.Mucahitakin/DotNetCoreWithAngular,SPDX-2.3,5,4,1,nuget,4,0,False,2025-03-15T14:21:25Z,False,1
20250313_711_sbom_data.json,com.github.comp2086/comp2007f,SPDX-2.3,33,32,1,nuget,32,0,False,2025-03-13T15:23:13Z,False,1
20250330_1642_sbom_data.json,com.github.RafaelCCampos/proffy,SPDX-2.3,1810,1809,1,npm,1805,0,False,2025-03-30T14:18:05Z,False,1
20250420_1335_sbom_data.json,com.github.xkizer/jsday-canarias-2019-examples,SPDX-2.3,510,509,1,npm,509,0,False,2025-04-20T11:31:23Z,False,1
20250317_900_sbom_data.json,com.github.Dodop12/OOP23-jurassiko,SPDX-2.3,3,2,1,github_actions,2,0,False,2025-03-17T12:39:21Z,False,1
20250403_246_sbom_data.json,com.github.ncode-repo/moj,SPDX-2.3,2,1,1,maven,1,0,False,2025-04-03T10:04:56Z,False,1
20250404_190_sbom_data.json,com.github.Cassese03/pipeline.promedya.it,SPDX-2.3,2454,2453,3,"composer,gem,npm",2440,11,False,2025-04-05T17:13:39Z,False,1
20250423_1305_sbom_data.json,com.github.Polychlorobenzene/grid-sandbox,SPDX-2.3,1156,1155,1,npm,1152,0,False,2025-04-23T13:40:19Z,True,2
20250421_508_sbom_data.json,com.github.baikaifa/mobx_react_learning,SPDX-2.3,1353,1352,1,npm,1348,0,False,2025-04-21T11:52:09Z,False,1
20250218_551_sbom_data.json,com.github.P-iyushRaj/primerx,SPDX-2.3,12,11,1,pypi,11,0,False,2025-02-18T12:25:10Z,False,1
20250502_jumbo_9029_sbom_data.json,com.github.Peterka100/Node.js,SPDX-2.3,91,90,1,npm,0,0,False,2025-05-03T02:11:27Z,False,1
20250402_1582_sbom_data.json,com.github.DN92/planetScottishFold,SPDX-2.3,1437,1436,1,npm,1428,0,False,2025-04-02T22:29:29Z,True,2
20250422_780_sbom_data.json,com.github.anamicrorez/Timbre-con-telegram,SPDX-2.3,3,2,1,npm,0,2,False,2025-04-23T21:36:09Z,False,1
20250325_1189_sbom_data.json,com.github.itsrazib1/phero_assignment-9,SPDX-2.3,240,239,1,npm,238,0,False,2025-03-25T12:34:17Z,False,1
20250429_44_sbom_data.json,com.github.yosaddis/api-project-for-bag,SPDX-2.3,62,61,1,gem,61,0,False,2025-04-29T12:48:14Z,False,1
20250502_jumbo_5835_sbom_data.json,com.github.nick722/thunks-ex,SPDX-2.3,1046,1045,1,npm,1045,0,False,2025-05-02T22:34:53Z,False,1
20250305_493_sbom_data.json,com.github.bhavanapanduru/counter-react-redux,SPDX-2.3,1318,1317,1,npm,1314,0,False,2025-03-05T11:56:39Z,False,1
20250228_467_sbom_data.json,com.github.igorrmkd/devtutlist,SPDX-2.3,1662,1661,1,npm,1658,0,False,2025-02-28T12:29:24Z,False,1
20250213_421_sbom_data.json,com.github.PawanPawar03/roxiler_backend_Assignment,SPDX-2.3,218,217,1,npm,217,0,False,2025-02-13T12:38:13Z,False,1
20250222_1370_sbom_data.json,com.github.bjarneo/format2,SPDX-2.3,7,6,1,npm,0,6,True,2025-02-22T14:09:33Z,False,1
20250420_888_sbom_data.json,com.github.RPBMedia/reactTeamRegistry,SPDX-2.3,2247,2246,1,npm,2246,0,False,2025-04-20T11:22:48Z,False,1
20250413_1405_sbom_data.json,com.github.younusrahman/SLClone,SPDX-2.3,1226,1225,1,npm,1220,0,False,2025-04-13T16:01:16Z,False,1
20250404_42_sbom_data.json,com.github.jo-jordan/blog-middleware,SPDX-2.3,8,7,1,golang,6,0,False,2025-04-05T17:12:04Z,False,1
20250401_603_sbom_data.json,com.github.jvalen01/react-portfolio-website,SPDX-2.3,1236,1235,1,npm,1228,0,False,2025-04-05T13:34:22Z,True,2
20250423_603_sbom_data.json,com.github.Wendy-B-Hub/imageUpload_mern__awsS3,SPDX-2.3,1350,1349,1,npm,1343,0,False,2025-04-23T12:31:53Z,False,1
20250502_jumbo_8556_sbom_data.json,com.github.TryToCatchMyPromise/task_for_mobile_data_house,SPDX-2.3,1451,1450,1,npm,1447,0,False,2025-05-03T01:53:37Z,False,1
20250422_256_sbom_data.json,com.github.shittuadams/exercise-tracker,SPDX-2.3,85,84,1,npm,84,0,False,2025-04-23T14:26:44Z,False,1
20250313_494_sbom_data.json,com.github.ilyafeynberg/first_app,SPDX-2.3,43,42,1,gem,42,0,False,2025-03-13T15:19:29Z,False,1
20250307_185_sbom_data.json,com.github.matsad3547/server-demo,SPDX-2.3,6,5,1,npm,0,5,True,2025-03-07T10:23:07Z,False,1
20250319_259_sbom_data.json,com.github.Aarond2018/trpc-nextjs-demo,SPDX-2.3,349,348,1,npm,346,0,False,2025-03-19T08:57:08Z,False,1
20250412_1572_sbom_data.json,com.github.gigaSproule/has-my-alias-been-pwned,SPDX-2.3,293,292,1,cargo,290,0,False,2025-04-12T20:41:51Z,False,1
20250224_1374_sbom_data.json,com.github.ecnu-bing/test,SPDX-2.3,5,4,1,maven,4,0,False,2025-02-24T15:49:55Z,False,1
20250225_536_sbom_data.json,com.github.reitermarkus/dnsparse,SPDX-2.3,2,1,1,github_actions,0,0,False,2025-02-25T13:15:37Z,False,1
20250430_1557_sbom_data.json,com.github.IrinaPrykhodko/MedKit,SPDX-2.3,4,3,1,maven,1,0,True,2025-04-30T14:47:02Z,False,1
20250328_470_sbom_data.json,com.github.Axelhrdz/React-Academlo-entregable-1,SPDX-2.3,314,313,1,npm,311,0,False,2025-03-28T12:35:43Z,False,1
20250416_365_sbom_data.json,com.github.intanmhcr/541211091-XIRPL3-INTAN,SPDX-2.3,96,95,1,npm,95,0,False,2025-04-16T19:29:31Z,False,1
20250404_811_sbom_data.json,com.github.Reechajoshi/angular-file-manager,SPDX-2.3,32,31,1,npm,0,31,False,2025-04-05T18:15:31Z,False,1
20250325_730_sbom_data.json,com.github.gumodi35/portfolio,SPDX-2.3,1179,1178,1,npm,1173,0,False,2025-03-25T12:22:20Z,False,1
20250502_jumbo_5214_sbom_data.json,com.github.houtengbu/git-app,SPDX-2.3,78,77,1,gem,77,0,False,2025-05-02T21:45:45Z,False,1
20250426_604_sbom_data.json,com.github.AleRivera99/Software-proyect,SPDX-2.3,3197,3196,1,npm,3189,0,False,2025-04-26T10:19:57Z,False,1
20250403_1184_sbom_data.json,com.github.gangapurambhargav/srms,SPDX-2.3,4,3,1,github_actions,2,0,False,2025-04-03T10:19:59Z,False,1
20250213_430_sbom_data.json,com.github.0Lamport0/zCool,SPDX-2.3,846,845,1,npm,843,0,False,2025-02-13T12:39:39Z,False,1
20250324_337_sbom_data.json,com.github.Deathslayer89/randomwinnergame,SPDX-2.3,2122,2121,1,npm,2115,0,False,2025-03-24T11:37:37Z,False,1
20250318_298_sbom_data.json,com.github.Team997Coders/WPISwerve,SPDX-2.3,4,3,1,github_actions,2,0,False,2025-03-18T14:12:30Z,False,1
20250304_704_sbom_data.json,com.github.kerrybethr92/project-manager-backend,SPDX-2.3,4,3,1,nuget,3,0,False,2025-03-04T11:34:28Z,False,1
20250502_jumbo_6024_sbom_data.json,com.github.miadugas/iLoftz_app,SPDX-2.3,1485,1484,2,"github_actions,npm",1480,0,False,2025-05-02T23:10:04Z,False,1
20250404_120_sbom_data.json,com.github.iocodfasil7/apertr-vue-html,SPDX-2.3,1258,1257,1,npm,1253,0,False,2025-04-05T17:12:55Z,False,1
20250209_986_sbom_data.json,com.github.Bouzidhadjer/springboot-jpa-testing,SPDX-2.3,7,6,1,maven,0,0,True,2025-02-09T16:08:55Z,True,2
20250215_719_sbom_data.json,com.github.gtgeek/gtgeek.github.io,SPDX-2.3,2,1,1,npm,1,0,False,2025-02-15T14:55:11Z,False,1
20250425_1644_sbom_data.json,com.github.medo-iq/panel-main,SPDX-2.3,331,330,2,"composer,npm",329,0,False,2025-04-25T20:48:09Z,False,1
20250225_819_sbom_data.json,com.github.GwtMaterialDesign/gwt-material-tutorial,SPDX-2.3,10,9,1,maven,9,0,False,2025-02-25T13:19:53Z,False,1
20250427_257_sbom_data.json,com.github.KalianePemi/Average,SPDX-2.3,1048,1047,1,npm,1046,0,False,2025-04-27T12:36:59Z,False,1
20250403_253_sbom_data.json,com.github.MalcolmD/TheRecipeBookHub,SPDX-2.3,40,39,1,gem,39,0,False,2025-04-03T10:05:02Z,False,1
20250310_1067_sbom_data.json,com.github.xxdamianxx/sequelizedBurger,SPDX-2.3,87,86,1,npm,86,0,False,2025-03-10T11:24:54Z,False,1
20250502_jumbo_5297_sbom_data.json,com.github.Avokado-an/EPAM_TASK8,SPDX-2.3,3,2,1,maven,1,0,True,2025-05-02T21:46:54Z,False,1
20250316_423_sbom_data.json,com.github.TBXark/homebrew-repo,SPDX-2.3,6,5,1,github_actions,0,1,False,2025-03-16T11:53:33Z,False,1
20250416_385_sbom_data.json,com.github.leofls/Rocketseat-starter-ReactJS,SPDX-2.3,1331,1330,1,npm,1327,0,False,2025-04-16T19:29:45Z,False,1
20250324_1173_sbom_data.json,com.github.xiaokaixuan/pikpak,SPDX-2.3,3,2,1,github_actions,2,0,False,2025-03-24T12:01:05Z,False,1
20250326_255_sbom_data.json,com.github.ariarishosho/sample_app,SPDX-2.3,82,81,1,gem,81,0,False,2025-03-26T12:21:38Z,False,1
20250303_137_sbom_data.json,com.github.snowblink/design-patterns,SPDX-2.3,17,16,1,gem,16,0,False,2025-03-03T12:27:53Z,False,1
20250216_493_sbom_data.json,com.github.Gatfanoff/3-2,SPDX-2.3,493,492,1,npm,487,0,False,2025-02-16T12:55:53Z,False,1
20250429_982_sbom_data.json,com.github.vanbinh92/realtime-backend,SPDX-2.3,107,106,1,npm,106,0,False,2025-04-29T13:44:12Z,False,1
20250415_1647_sbom_data.json,com.github.410983045/test,SPDX-2.3,4,3,2,"gem,github_actions",2,1,True,2025-04-16T12:51:34Z,False,1
20250320_731_sbom_data.json,com.github.technerds-waqas/notifications_demo_flutter,SPDX-2.3,59,58,1,pub,58,0,False,2025-03-20T12:49:37Z,False,1
20250411_227_sbom_data.json,com.github.srnjak/backup-scheduler,SPDX-2.3,4,3,1,github_actions,3,0,False,2025-04-11T14:07:27Z,False,1
20250408_1441_sbom_data.json,com.github.solo-yolo/versioning-poc,SPDX-2.3,13,12,1,maven,7,0,True,2025-04-09T12:28:28Z,False,1
20250329_1410_sbom_data.json,com.github.uzonnadi/course-name,SPDX-2.3,3,2,1,github_actions,2,0,False,2025-03-29T15:43:56Z,False,1
20250406_1635_sbom_data.json,com.github.Alexon1999/JustAnimeBack,SPDX-2.3,24,23,1,pypi,23,0,False,2025-04-06T12:24:02Z,False,1
20250402_832_sbom_data.json,com.github.nhatgiau/meowpage,SPDX-2.3,3,2,1,npm,2,0,False,2025-04-02T17:05:02Z,True,2
20250228_511_sbom_data.json,com.github.Indrajitsaha1997/leaflet-playground,SPDX-2.3,917,916,1,npm,914,0,False,2025-02-28T12:29:57Z,False,1
20250502_jumbo_2697_sbom_data.json,com.github.Dea10/dba-diplo-2021-fe,SPDX-2.3,1463,1462,1,npm,1459,0,False,2025-05-02T18:40:22Z,False,1
20250425_1396_sbom_data.json,com.github.omarfarquek05/Next_Blog,SPDX-2.3,201,200,1,npm,200,0,False,2025-04-25T20:01:44Z,False,1
20250412_1215_sbom_data.json,com.github.gabrieldev525/data-analysis-in-spreadsheets,SPDX-2.3,2,1,1,pypi,1,0,False,2025-04-12T18:56:03Z,False,1
20250502_jumbo_2170_sbom_data.json,com.github.fabiusspop/SDM,SPDX-2.3,4,3,1,maven,3,0,False,2025-05-02T18:24:23Z,False,1
20250418_320_sbom_data.json,com.github.TanhGL/movie-laravel,SPDX-2.3,13,12,2,"composer,npm",1,11,True,2025-04-19T14:11:47Z,False,1
20250317_90_sbom_data.json,com.github.BelaSantos/github-slideshow,SPDX-2.3,96,95,2,"gem,npm",95,0,False,2025-03-17T12:21:19Z,False,1
20250308_646_sbom_data.json,com.github.Andre-lucs/LojaAutoPecas,SPDX-2.3,8,7,1,maven,7,0,False,2025-03-08T13:57:26Z,False,1
20250401_740_sbom_data.json,com.github.LBeber/e.creativa_,SPDX-2.3,304,303,1,npm,303,0,False,2025-04-05T13:36:26Z,True,2
20250403_200_sbom_data.json,com.github.aydanramazanli/reactNative-todo,SPDX-2.3,857,856,1,npm,850,0,False,2025-04-03T10:03:59Z,False,1
20250415_825_sbom_data.json,com.github.vikas62081/react-aggrid-app,SPDX-2.3,2299,2298,1,npm,2290,0,False,2025-04-16T11:51:59Z,False,1
20250420_474_sbom_data.json,com.github.Alwil17/rating-api,SPDX-2.3,18,17,2,"github_actions,pypi",6,3,True,2025-04-20T11:13:49Z,False,1
20250406_828_sbom_data.json,com.github.central-poc/powerbuy-loki,SPDX-2.3,11,10,1,composer,4,6,True,2025-04-06T11:27:32Z,False,1
20250301_1490_sbom_data.json,com.github.trulyshelton/douban-movie-analyzer,SPDX-2.3,9,8,1,pypi,0,8,True,2025-03-01T14:55:22Z,False,1
20250321_572_sbom_data.json,com.github.ibrahimashraf169/Flutter_with_GDSC_ASU,SPDX-2.3,4,3,1,pub,0,3,True,2025-03-21T12:38:50Z,False,1
20250209_1224_sbom_data.json,com.github.jbarrocas/backend_proj,SPDX-2.3,2,1,1,composer,1,0,False,2025-02-09T01:16:51Z,True,2
20250308_1414_sbom_data.json,com.github.habibie1234/Hero,SPDX-2.3,729,728,1,npm,724,0,False,2025-03-08T14:40:53Z,False,1
20250429_981_sbom_data.json,com.github.spalaios/holygrail,SPDX-2.3,1587,1586,1,npm,1584,0,False,2025-04-29T13:44:11Z,False,1
20250404_664_sbom_data.json,com.github.FranciscoStanley/BreakingNews-front-end,SPDX-2.3,715,714,1,npm,707,0,False,2025-04-05T17:22:28Z,False,1
20250401_26_sbom_data.json,com.github.usahexo/80c58593cc994,SPDX-2.3,235,234,1,npm,229,5,False,2025-04-05T13:08:37Z,True,2
20250426_791_sbom_data.json,com.github.WolfElkan/uno,SPDX-2.3,206,205,1,npm,205,0,False,2025-04-26T10:22:18Z,False,1
20250329_868_sbom_data.json,com.github.prateeksan/contact_list,SPDX-2.3,2,1,1,gem,1,0,False,2025-03-29T14:51:09Z,False,1
20250502_jumbo_10580_sbom_data.json,com.github.Krishnanr03/resume,SPDX-2.3,116,115,2,"gem,npm",92,20,False,2025-05-03T13:28:18Z,False,1
20250402_1265_sbom_data.json,com.github.acciojob/Speech-Synthesis-DrSuraj,SPDX-2.3,2,1,1,github_actions,0,0,False,2025-04-02T18:59:34Z,True,2
20250316_1135_sbom_data.json,com.github.SEP-proj/back-end,SPDX-2.3,7,6,1,github_actions,5,0,False,2025-03-16T12:06:17Z,False,1
20250309_18_sbom_data.json,com.github.CamaelVentura/ignite-introducao-ao-SOLID,SPDX-2.3,733,732,1,npm,730,0,False,2025-03-09T12:34:06Z,False,1
20250302_175_sbom_data.json,com.github.ZachyDev/React-Hooks,SPDX-2.3,1208,1207,1,npm,1204,0,False,2025-03-02T12:53:07Z,False,1
20250405_558_sbom_data.json,com.github.CristianCaraulasu/sfg-pet-clinic,SPDX-2.3,25,24,1,maven,9,0,True,2025-04-05T15:34:46Z,False,1
20250312_502_sbom_data.json,com.github.HassanBahati/crash-tailwindcss,SPDX-2.3,133,132,1,npm,132,0,False,2025-03-12T12:07:49Z,False,1
20250502_jumbo_14509_sbom_data.json,com.github.maiconfriedel/react-next-js,SPDX-2.3,409,408,1,npm,407,0,False,2025-05-03T19:49:49Z,False,1
20250502_jumbo_7548_sbom_data.json,com.github.AnirudhChopra2810/Task-Manager,SPDX-2.3,1747,1746,1,npm,1743,0,False,2025-05-03T01:04:59Z,False,1
20250314_885_sbom_data.json,com.github.KateFanina/goit-js-hw-10,SPDX-2.3,224,223,2,"github_actions,npm",223,0,False,2025-03-14T12:24:54Z,False,1
20250322_1638_sbom_data.json,com.github.Rajatsingh1997/figma,SPDX-2.3,1442,1441,1,npm,1438,0,False,2025-03-22T15:32:03Z,False,1
20250314_1653_sbom_data.json,com.github.theshaggy5000/skills-communicate-using-markdown,SPDX-2.3,4,3,1,github_actions,3,0,False,2025-03-14T13:37:50Z,False,1
20250423_63_sbom_data.json,com.github.hdon/mushroom-classifier,SPDX-2.3,17,16,1,pypi,16,0,False,2025-04-23T12:20:18Z,False,1
20250313_247_sbom_data.json,com.github.vajradog/brainstorm,SPDX-2.3,47,46,1,gem,46,0,False,2025-03-13T15:15:17Z,False,1
20250331_411_sbom_data.json,com.github.Dan222412/ros-flutter,SPDX-2.3,22,21,1,pub,21,0,False,2025-03-31T10:04:58Z,False,1
20250320_10_sbom_data.json,com.github.lazaaq/eps-fe,SPDX-2.3,1074,1073,2,"composer,npm",1069,0,False,2025-03-20T12:33:06Z,False,1
20250404_937_sbom_data.json,com.github.natepetersen03/MacroMeals,SPDX-2.3,1276,1275,1,npm,1268,0,False,2025-04-05T18:16:45Z,False,1
20250215_1657_sbom_data.json,com.github.hidayatambo/dayporto,SPDX-2.3,1326,1325,2,"composer,npm",1318,0,False,2025-02-15T15:48:32Z,False,1
20250406_377_sbom_data.json,com.github.cj179766/eureka-server,SPDX-2.3,7,6,1,maven,0,0,True,2025-04-06T11:23:47Z,False,1
20250422_723_sbom_data.json,com.github.boonemark/skills-introduction-to-github,SPDX-2.3,3,2,1,github_actions,2,0,False,2025-04-23T21:34:45Z,False,1
20250214_1031_sbom_data.json,com.github.sargunv/arduino-ir-faker,SPDX-2.3,4,3,1,github_actions,3,0,False,2025-02-14T12:57:27Z,False,1
20250225_696_sbom_data.json,com.github.Bercovein/SlideSchedule,SPDX-2.3,902,901,1,npm,900,0,False,2025-02-25T13:18:29Z,False,1
20250225_249_sbom_data.json,com.github.laindot/albumshop,SPDX-2.3,939,938,2,"gem,npm",934,0,False,2025-02-25T13:10:19Z,False,1
20250309_1136_sbom_data.json,com.github.jesuspm/JesusLaravel,SPDX-2.3,115,114,2,"composer,npm",111,3,True,2025-03-09T13:04:38Z,False,1
20250221_822_sbom_data.json,com.github.wnstn/winstonhearn.com,SPDX-2.3,592,591,2,"gem,npm",585,6,True,2025-02-21T13:11:03Z,False,1
20250420_1266_sbom_data.json,com.github.Natali-rg/API_Test,SPDX-2.3,12,11,1,maven,10,0,False,2025-04-20T11:30:21Z,False,1
20250401_687_sbom_data.json,com.github.iamdanielbrooks/iamdanielbrooks.github.io,SPDX-2.3,2,1,1,gem,0,1,True,2025-04-05T13:35:46Z,True,2
20250418_1137_sbom_data.json,com.github.abdoumin/ProjetMDE,SPDX-2.3,7,6,1,maven,0,0,True,2025-04-19T15:32:27Z,False,1
20250330_1445_sbom_data.json,com.github.galinapx/clicky-game,SPDX-2.3,1152,1151,1,npm,1151,0,False,2025-03-30T14:15:01Z,False,1
20250214_693_sbom_data.json,com.github.Geniusmguni/github-slideshow,SPDX-2.3,100,99,2,"gem,npm",99,0,False,2025-02-14T12:50:17Z,False,1
20250420_33_sbom_data.json,com.github.suneelbvs/Streamlit-app,SPDX-2.3,5,4,1,pypi,0,0,True,2025-04-20T11:07:12Z,False,1
20250502_jumbo_3855_sbom_data.json,com.github.mumrich/vue-memoire,SPDX-2.3,651,650,3,"github_actions,npm,nuget",648,0,False,2025-05-02T19:35:44Z,False,1
20250502_jumbo_7999_sbom_data.json,com.github.giovanijfc/rn-template,SPDX-2.3,24,23,1,npm,4,19,False,2025-05-03T01:11:37Z,False,1
20250422_1559_sbom_data.json,com.github.chrisranjana/portlet,SPDX-2.3,13,12,1,npm,12,0,False,2025-04-24T00:53:34Z,False,1
20250311_1039_sbom_data.json,com.github.jeevan01/python-extra-class,SPDX-2.3,23,22,2,"maven,npm",17,0,True,2025-03-11T12:21:37Z,False,1
20250217_1426_sbom_data.json,com.github.pochingliu131/TicTacToeMVC,SPDX-2.3,25,24,2,"npm,nuget",24,0,False,2025-02-17T12:40:35Z,False,1
20250216_324_sbom_data.json,com.github.bgreenwell/rstratx,SPDX-2.3,5,4,1,pypi,0,0,True,2025-02-16T12:50:48Z,False,1
20250226_1571_sbom_data.json,com.github.Veijleign/InformSecurity,SPDX-2.3,2,1,1,nuget,1,0,False,2025-02-26T16:22:47Z,False,1
20250327_859_sbom_data.json,com.github.sumit1878/portfolio,SPDX-2.3,1231,1230,1,npm,1224,0,False,2025-03-27T12:17:35Z,False,1
20250429_778_sbom_data.json,com.github.risha0910/amplify-react-graphql,SPDX-2.3,1253,1252,1,npm,1245,0,False,2025-04-29T13:39:53Z,False,1
20250418_548_sbom_data.json,com.github.submission18/go-crypto,SPDX-2.3,6,5,1,golang,1,0,False,2025-04-19T14:45:06Z,False,1
20250216_1162_sbom_data.json,com.github.vbohinc/achartengine,SPDX-2.3,3,2,1,maven,2,0,False,2025-02-16T13:07:02Z,False,1
20250426_276_sbom_data.json,com.github.dnqudtjs/house,SPDX-2.3,843,842,1,npm,838,0,False,2025-04-26T10:14:05Z,False,1
20250303_1296_sbom_data.json,com.github.Sourravk/quiznew,SPDX-2.3,25,24,1,pub,24,0,False,2025-03-03T12:58:18Z,False,1
20250329_812_sbom_data.json,com.github.AbdoulNuru/portfolio,SPDX-2.3,1536,1535,1,npm,1529,0,False,2025-03-29T14:50:28Z,False,1
20250311_1208_sbom_data.json,com.github.Zevell/CSGO-Config-Sync,SPDX-2.3,4,3,1,nuget,3,0,False,2025-03-11T12:24:05Z,False,1
20250331_1524_sbom_data.json,com.github.hoki0713/skicka-pengar-kalkylator,SPDX-2.3,1472,1471,1,npm,1468,0,False,2025-03-31T12:36:01Z,False,1
20250502_jumbo_2824_sbom_data.json,com.github.Pytur/skills-introduction-to-github,SPDX-2.3,3,2,1,github_actions,2,0,False,2025-05-02T19:16:00Z,False,1
20250228_350_sbom_data.json,com.github.wendywarren/resolve-gradshow-2023,SPDX-2.3,12,11,1,npm,4,7,True,2025-02-28T12:27:45Z,False,1
20250331_722_sbom_data.json,com.github.Amogh-2404/mastermind_app,SPDX-2.3,41,40,2,"github_actions,pub",38,2,False,2025-03-31T10:32:03Z,False,1
20250218_1699_sbom_data.json,com.github.emilio2hd/page_crawler,SPDX-2.3,25,24,1,gem,13,11,True,2025-02-18T13:28:45Z,False,1
20250318_707_sbom_data.json,com.github.ogzkhrmn/ML_NaiveBayes,SPDX-2.3,4,3,1,maven,3,0,False,2025-03-18T16:00:16Z,False,1
20250430_1514_sbom_data.json,com.github.shajeehsanal/responsive_ui,SPDX-2.3,25,24,1,pub,24,0,False,2025-04-30T14:46:18Z,False,1
20250426_531_sbom_data.json,com.github.Shaywho/React.js-Essential-Training,SPDX-2.3,910,909,1,npm,0,909,False,2025-04-26T10:19:03Z,False,1
20250218_1102_sbom_data.json,com.github.xltan23/VTTP-Day16-Lecture,SPDX-2.3,9,8,1,maven,2,0,True,2025-02-18T12:37:32Z,False,1
20250317_1043_sbom_data.json,com.github.appseed-projects3/ab499cdd-cae2-4e55-9146-8e46dde0200a,SPDX-2.3,1656,1655,2,"npm,pypi",1640,0,False,2025-03-17T12:41:46Z,False,1
20250426_1172_sbom_data.json,com.github.valle-code/job-vibes,SPDX-2.3,510,509,1,npm,507,0,False,2025-04-26T10:27:40Z,False,1
20250409_662_sbom_data.json,com.github.casual033/logineko-telemetry,SPDX-2.3,6,5,1,maven,0,0,True,2025-04-09T22:08:44Z,False,1
20250422_1109_sbom_data.json,com.github.lipingnew/sku,SPDX-2.3,1186,1185,1,npm,1185,0,False,2025-04-23T21:45:15Z,False,1
20250502_jumbo_6846_sbom_data.json,com.github.orgTestCodacy11KRepos110MB/repo-4663-burrow,SPDX-2.3,2051,2050,3,"github_actions,golang,npm",2023,0,False,2025-05-03T00:40:56Z,False,1
20250413_1669_sbom_data.json,com.github.Veera5iva/Churn_Prediction,SPDX-2.3,7,6,1,pypi,5,0,True,2025-04-13T16:04:10Z,False,1
20250313_914_sbom_data.json,com.github.fiherman/tienda,SPDX-2.3,61,60,2,"composer,npm",57,3,True,2025-03-13T15:25:51Z,False,1
20250405_643_sbom_data.json,com.github.dailytravel/x-federation,SPDX-2.3,367,366,2,"golang,npm",358,0,False,2025-04-05T15:36:08Z,False,1
20250211_1189_sbom_data.json,com.github.srtushar887/react-native-todo,SPDX-2.3,635,634,1,npm,631,0,False,2025-02-11T13:17:58Z,False,1
20250420_202_sbom_data.json,com.github.mohdayanansari/nft-marketplace__APP,SPDX-2.3,1508,1507,1,npm,1501,0,False,2025-04-20T11:09:46Z,False,1
20250226_351_sbom_data.json,com.github.csepukar/RetailInventoryManager,SPDX-2.3,18,17,1,maven,6,0,True,2025-02-26T12:31:59Z,False,1
20250413_680_sbom_data.json,com.github.behrens-de/Monsters-Rolodex,SPDX-2.3,1130,1129,1,npm,1125,0,False,2025-04-13T13:53:11Z,False,1
20250218_524_sbom_data.json,com.github.tanjil46/bitro-boss-resturant,SPDX-2.3,493,492,1,npm,490,0,False,2025-02-18T12:24:45Z,False,1
20250221_640_sbom_data.json,com.github.huxlor/landing-ofertas-jumbo-cencosud,SPDX-2.3,576,575,1,npm,575,0,False,2025-02-21T13:00:59Z,False,1
20250424_912_sbom_data.json,com.github.xgqfrms-GitHub/React-Redux-Todo-List,SPDX-2.3,3,2,1,npm,0,2,False,2025-04-24T12:03:41Z,False,1
20250226_10_sbom_data.json,com.github.awmwong/kik-dots,SPDX-2.3,2,1,1,npm,1,0,False,2025-02-26T12:27:05Z,False,1
20250407_1579_sbom_data.json,com.github.dczysz/react-mikerates,SPDX-2.3,1312,1311,1,npm,1308,0,False,2025-04-07T13:27:56Z,False,1
20250312_1075_sbom_data.json,com.github.vayes/tier,SPDX-2.3,5,4,1,composer,0,4,True,2025-03-12T12:42:41Z,False,1
20250405_25_sbom_data.json,com.github.CRSTH-CHVZ/r-f83k28d,SPDX-2.3,9,8,1,npm,1,7,False,2025-04-05T15:26:27Z,False,1
20250308_338_sbom_data.json,com.github.yihui/tmate-r,SPDX-2.3,4,3,1,github_actions,0,0,False,2025-03-08T13:49:03Z,False,1
20250402_313_sbom_data.json,com.github.wangjinA/notes,SPDX-2.3,25,24,1,npm,24,0,False,2025-04-02T16:49:46Z,True,2
20250325_1121_sbom_data.json,com.github.winter666/freedom-micro,SPDX-2.3,4,3,1,composer,0,3,True,2025-03-25T12:33:13Z,False,1
20250319_961_sbom_data.json,com.github.emarex1/alx-backend-javascript,SPDX-2.3,25,24,1,npm,0,24,True,2025-03-19T09:11:31Z,False,1
20250313_1551_sbom_data.json,com.github.Torres-arc/bug-summary,SPDX-2.3,1623,1622,1,npm,1618,0,False,2025-03-13T15:39:54Z,True,2
20250225_1676_sbom_data.json,com.github.noemiheusler/rails-mister-cocktail,SPDX-2.3,1087,1086,2,"gem,npm",1084,0,False,2025-02-25T14:21:44Z,False,1
20250405_587_sbom_data.json,com.github.t3201v/dntoken-frontend,SPDX-2.3,35,34,1,npm,2,32,False,2025-04-05T15:35:06Z,False,1
20250319_1186_sbom_data.json,com.github.sanjeebSubedi/Image-Viewer-Azure,SPDX-2.3,16,15,1,pypi,15,0,False,2025-03-19T09:16:33Z,False,1
20250324_1533_sbom_data.json,com.github.JJtheron/Playing_with_pyats,SPDX-2.3,87,86,1,pypi,86,0,False,2025-03-24T21:23:04Z,False,1
20250402_1571_sbom_data.json,com.github.dawande03/ECOMMERCE_MERN,SPDX-2.3,2905,2904,1,npm,2884,0,False,2025-04-02T22:29:19Z,True,2
20250302_1189_sbom_data.json,com.github.FoghornConsulting/t-c7n,SPDX-2.3,407,406,3,"github_actions,golang,pypi",330,37,True,2025-03-02T13:09:20Z,False,1
20250416_1201_sbom_data.json,com.github.i471/MockAirline,SPDX-2.3,1587,1586,1,npm,1581,0,False,2025-04-16T19:40:53Z,False,1
20250307_1557_sbom_data.json,com.github.claudiojafna/tiket,SPDX-2.3,22,21,1,pub,21,0,False,2025-03-07T13:13:18Z,False,1
20250328_1279_sbom_data.json,com.github.keisuke1350/react-Kadai0325,SPDX-2.3,1489,1488,1,npm,1486,0,False,2025-03-28T12:56:45Z,False,1
20250212_816_sbom_data.json,com.github.javator3/java11_MSt,SPDX-2.3,4,3,1,maven,1,0,True,2025-02-12T12:44:43Z,False,1
20250317_173_sbom_data.json,com.github.ollymonger/basic-unity-mp,SPDX-2.3,210,209,2,"github_actions,npm",209,0,False,2025-03-17T12:22:30Z,False,1
20250502_jumbo_11016_sbom_data.json,com.github.since56k/winery-app-client,SPDX-2.3,33,32,1,npm,1,31,False,2025-05-03T14:33:09Z,False,1
20250325_1553_sbom_data.json,com.github.robenend/edir-nodejs,SPDX-2.3,244,243,2,"npm,nuget",212,29,True,2025-03-25T14:23:18Z,False,1
20250219_270_sbom_data.json,com.github.prostoKostyk/Angular-SpringBoot-JWT-Site,SPDX-2.3,916,915,2,"maven,npm",906,0,True,2025-02-19T11:10:39Z,False,1
20250502_jumbo_14104_sbom_data.json,com.github.PAPELgg/PROJETO---MOD.-5-iv,SPDX-2.3,3,2,1,npm,2,0,False,2025-05-03T19:43:47Z,False,1
20250328_1128_sbom_data.json,com.github.ashutosh-874/paypal-django,SPDX-2.3,16,15,1,pypi,15,0,False,2025-03-28T12:54:12Z,False,1
20250226_1171_sbom_data.json,com.github.HRFE-Merchantman/RUNashville-backend,SPDX-2.3,8,7,1,npm,0,7,True,2025-02-26T12:44:12Z,False,1
20250216_27_sbom_data.json,com.github.MichalYoung/tiny-ajax,SPDX-2.3,8,7,1,pypi,7,0,False,2025-02-16T12:46:28Z,False,1
20250425_1290_sbom_data.json,com.github.magiclud/SpringMVCBootstrap,SPDX-2.3,16,15,1,maven,13,0,False,2025-04-25T20:00:48Z,False,1
20250502_jumbo_13441_sbom_data.json,com.github.varunbajpai/YdataAssignment,SPDX-2.3,9,8,1,pypi,0,0,True,2025-05-03T15:53:31Z,False,1
20250502_jumbo_7576_sbom_data.json,com.github.290499/monitor-mini,SPDX-2.3,16,15,1,npm,0,15,False,2025-05-03T01:05:18Z,False,1
20250219_304_sbom_data.json,com.github.priscillauribe/rails-yelp-mvp,SPDX-2.3,69,68,1,gem,68,0,False,2025-02-19T11:11:03Z,False,1
20250430_1564_sbom_data.json,com.github.ColorlibHQ/colorlib-login-customizer,SPDX-2.3,9,8,1,npm,0,8,False,2025-04-30T14:47:10Z,False,1
20250213_1213_sbom_data.json,com.github.RosaliePerron/bookies,SPDX-2.3,12,11,1,pypi,0,0,True,2025-02-13T13:08:01Z,False,1
20250428_947_sbom_data.json,com.github.mesa-4-2/dice,SPDX-2.3,2,1,1,gem,0,1,True,2025-04-28T10:43:02Z,False,1
20250227_959_sbom_data.json,com.github.wagnercastillo/TypeScript,SPDX-2.3,8,7,1,npm,0,7,True,2025-02-27T10:10:20Z,False,1
20250429_1187_sbom_data.json,com.github.amalgama-llc/basic-console-app,SPDX-2.3,5,4,1,maven,4,0,False,2025-04-29T13:47:44Z,False,1
20250308_1324_sbom_data.json,com.github.satrijotomo/laptopsrental,SPDX-2.3,3,2,1,pypi,2,0,False,2025-03-08T14:37:34Z,False,1
20250407_1449_sbom_data.json,com.github.Aishik246/aternos,SPDX-2.3,75,74,1,npm,73,0,False,2025-04-07T12:09:01Z,False,1
20250417_1680_sbom_data.json,com.github.XanderStrike/free-clicker,SPDX-2.3,40,39,1,gem,39,0,False,2025-04-17T13:46:51Z,False,1
20250224_709_sbom_data.json,com.github.Lightning-Universe/Flash-FiftyOne_component,SPDX-2.3,13,12,2,"github_actions,pypi",6,5,True,2025-02-24T14:35:19Z,False,1
20250209_1123_sbom_data.json,com.github.movoid12/node-nitro-server,SPDX-2.3,487,486,1,npm,485,0,False,2025-02-09T16:13:58Z,True,2
20250413_1196_sbom_data.json,com.github.LuisFelipe13/react-create-element-web-042417,SPDX-2.3,19,18,1,npm,1,17,False,2025-04-13T13:58:36Z,False,1
20250216_163_sbom_data.json,com.github.scotty845/CEIWeather,SPDX-2.3,3,2,1,npm,1,1,True,2025-02-16T12:48:07Z,False,1
20250329_664_sbom_data.json,com.github.chrisbello2023/chatPDF,SPDX-2.3,111,110,2,"github_actions,pypi",109,0,False,2025-03-29T14:48:00Z,False,1
20250429_935_sbom_data.json,com.github.joaquim15/workshop-spring-boot-mongodb,SPDX-2.3,5,4,1,maven,0,0,True,2025-04-29T13:43:23Z,False,1
20250309_1481_sbom_data.json,com.github.cjgdesu/CI-CD_pipeline_jenkins,SPDX-2.3,12,11,1,maven,10,0,False,2025-03-09T14:06:24Z,False,1
20250307_690_sbom_data.json,com.github.kudos-dot-com/discordbot,SPDX-2.3,194,193,1,npm,193,0,False,2025-03-07T10:33:30Z,False,1
20250324_737_sbom_data.json,com.github.bmlt/Microservices_UI-loadtest-ptu-20160903T092253,SPDX-2.3,15,14,1,npm,0,3,False,2025-03-24T11:43:56Z,False,1
20250314_819_sbom_data.json,com.github.palloncino/ag-apis-02,SPDX-2.3,118,117,1,npm,117,0,False,2025-03-14T12:23:49Z,False,1
20250210_1421_sbom_data.json,com.github.samkenxstream/SAMkenxprometheus,SPDX-2.3,1598,1597,3,"github_actions,golang,npm",1518,52,True,2025-02-10T14:08:24Z,False,1
20250420_1411_sbom_data.json,com.github.yusufdehbi/quizz-app,SPDX-2.3,22,21,1,pub,21,0,False,2025-04-20T11:32:28Z,False,1
20250305_518_sbom_data.json,com.github.Sudhir0003/r1,SPDX-2.3,1487,1486,1,npm,1483,0,False,2025-03-05T11:57:00Z,False,1
20250423_408_sbom_data.json,com.github.Pat-On/developer-to-architect-series,SPDX-2.3,1566,1565,2,"maven,npm",1548,0,True,2025-04-23T12:27:37Z,False,1
20250302_1447_sbom_data.json,com.github.nvmaki/disposisi5eregbjm,SPDX-2.3,407,406,3,"composer,npm,nuget",402,4,True,2025-03-02T14:39:37Z,False,1
20250428_214_sbom_data.json,com.github.Club-Paisano/19-Microphone,SPDX-2.3,341,340,1,npm,340,0,False,2025-04-28T10:31:37Z,False,1
20250502_jumbo_8855_sbom_data.json,com.github.brandonstiles1/merng-app,SPDX-2.3,306,305,1,npm,305,0,False,2025-05-03T02:09:28Z,False,1
20250428_788_sbom_data.json,com.github.KyawHtay/SSO-API-ASPNET5,SPDX-2.3,14,13,1,nuget,13,0,False,2025-04-28T10:40:36Z,False,1
20250316_1559_sbom_data.json,com.github.622ZZZZZZD/djs-cadeaux,SPDX-2.3,3,2,1,npm,0,2,True,2025-03-16T12:49:42Z,False,1
20250417_1039_sbom_data.json,com.github.AbdelSRT/competie-vue,SPDX-2.3,398,397,1,npm,396,0,False,2025-04-17T10:55:18Z,False,1
20250322_826_sbom_data.json,com.github.sh1ny08/hello,SPDX-2.3,1219,1218,1,npm,1212,0,False,2025-03-22T14:42:46Z,False,1
20250314_680_sbom_data.json,com.github.Carl-AndrewDizon/resume,SPDX-2.3,1273,1272,1,npm,1265,0,False,2025-03-14T12:20:40Z,False,1
20250228_429_sbom_data.json,com.github.genjin145/htc-cs,SPDX-2.3,14,13,1,npm,1,12,True,2025-02-28T12:28:52Z,False,1
20250223_231_sbom_data.json,com.github.acciojob/personal-greeting-varunpats,SPDX-2.3,1123,1122,2,"github_actions,npm",1118,0,False,2025-02-23T13:24:22Z,False,1
20250227_1459_sbom_data.json,com.github.Allanetizen/insomnapp,SPDX-2.3,50,49,1,pub,49,0,False,2025-02-27T10:31:50Z,False,1
20250502_jumbo_5044_sbom_data.json,com.github.raialmeida/Tests-API-RestAssured,SPDX-2.3,20,19,2,"github_actions,maven",14,5,False,2025-05-02T21:42:45Z,False,1
20250326_392_sbom_data.json,com.github.lucashmalcantara/calclactase-front-end,SPDX-2.3,783,782,1,npm,779,0,False,2025-03-26T12:25:20Z,False,1
20250326_1416_sbom_data.json,com.github.vvvregis/newsParser,SPDX-2.3,79,78,1,composer,34,0,True,2025-03-26T14:13:13Z,True,2
20250417_408_sbom_data.json,com.github.saedgurey/tailwind-course,SPDX-2.3,97,96,1,npm,96,0,False,2025-04-17T10:45:50Z,False,1
20250423_766_sbom_data.json,com.github.mingrammer/docker-react,SPDX-2.3,1383,1382,1,npm,1380,0,False,2025-04-23T12:44:05Z,False,1
20250323_451_sbom_data.json,com.github.aleksandromilenkov/FeedsRESTAPI,SPDX-2.3,1731,1730,1,npm,1723,0,False,2025-03-23T12:20:20Z,False,1
20250428_1223_sbom_data.json,com.github.shilpathakur95/E-fir-portal,SPDX-2.3,24,23,1,pypi,7,0,True,2025-04-28T10:47:51Z,False,1
20250404_1421_sbom_data.json,com.github.tijaniabdellatif/deploy,SPDX-2.3,113,112,2,"composer,npm",107,5,False,2025-04-05T18:24:44Z,False,1
20250305_921_sbom_data.json,com.github.SaiAshish9/rppb,SPDX-2.3,16,15,1,npm,1,14,True,2025-03-05T12:09:28Z,False,1
20250315_704_sbom_data.json,com.github.Logesh883/Login_Authentication,SPDX-2.3,1468,1467,1,npm,1458,0,False,2025-03-15T14:22:30Z,False,1
20250223_859_sbom_data.json,com.github.Saarthi-ai/miro-frontend-interaction,SPDX-2.3,123,122,1,npm,121,0,False,2025-02-23T13:41:43Z,False,1
20250417_918_sbom_data.json,com.github.ByteAtATime/godot-3to4,SPDX-2.3,167,166,1,npm,165,0,False,2025-04-17T10:53:42Z,False,1
20250328_473_sbom_data.json,com.github.virtual-labs/exp-estimation-iitd,SPDX-2.3,5,4,1,github_actions,3,0,False,2025-03-28T12:35:47Z,False,1
20250327_788_sbom_data.json,com.github.morooka-akira/expo_boilerplate,SPDX-2.3,915,914,1,npm,908,0,False,2025-03-27T12:14:08Z,False,1
20250313_1085_sbom_data.json,com.github.gavingu81/grDigiOps,SPDX-2.3,14,13,1,maven,3,0,True,2025-03-13T15:28:03Z,False,1
20250322_42_sbom_data.json,com.github.nikhilmeth/angular2,SPDX-2.3,350,349,1,npm,349,0,False,2025-03-22T14:27:08Z,False,1
20250219_161_sbom_data.json,com.github.Pradeep245/Crud,SPDX-2.3,195,194,1,npm,194,0,False,2025-02-19T11:09:22Z,False,1
20250323_1237_sbom_data.json,com.github.InnovatorSagar/AmazonClone,SPDX-2.3,1866,1865,1,npm,1861,0,False,2025-03-23T12:33:34Z,False,1
20250412_794_sbom_data.json,com.github.Cebri63/airbnb,SPDX-2.3,881,880,1,npm,873,0,False,2025-04-12T16:05:55Z,False,1
20250322_1252_sbom_data.json,com.github.Nandish-ko/first-repo,SPDX-2.3,1558,1557,3,"github_actions,golang,npm",1542,0,False,2025-03-22T14:56:59Z,False,1
20250326_527_sbom_data.json,com.github.Swayam595/times_api,SPDX-2.3,2,1,1,pypi,1,0,False,2025-03-26T12:50:45Z,False,1
20250302_1392_sbom_data.json,com.github.hnsxxscyx/baidu_ife,SPDX-2.3,4,3,1,npm,0,3,True,2025-03-02T13:15:15Z,False,1
20250402_1460_sbom_data.json,com.github.Thongtran95/Demo,SPDX-2.3,9,8,1,nuget,7,1,True,2025-04-02T21:38:05Z,True,2
20250210_1318_sbom_data.json,com.github.MundadaM1704/PRO-89--Spectagram-Stage-9,SPDX-2.3,30,29,1,npm,8,13,True,2025-02-10T14:07:02Z,False,1
20250319_1387_sbom_data.json,com.github.archerSSS/Learning2_SimpleTree.Two,SPDX-2.3,3,2,1,nuget,2,0,False,2025-03-19T10:08:51Z,False,1
20250308_303_sbom_data.json,com.github.devjuanpena/nasa-api-client,SPDX-2.3,1194,1193,1,npm,1188,0,False,2025-03-08T13:48:09Z,False,1
20250415_13_sbom_data.json,com.github.nguyendaophuocan/Dashboard,SPDX-2.3,1389,1388,1,npm,1386,0,False,2025-04-16T11:39:50Z,False,1
20250304_1090_sbom_data.json,com.github.Kaushik-Raghavan/CS6700-PA2,SPDX-2.3,3,2,1,pypi,0,0,True,2025-03-04T13:25:04Z,False,1
20250318_489_sbom_data.json,com.github.Olha-Starykova/goit-react-hw-01-components,SPDX-2.3,1494,1493,1,npm,1491,0,False,2025-03-18T15:12:16Z,False,1
20250312_638_sbom_data.json,com.github.jschweihs/multi-docker,SPDX-2.3,14,13,1,npm,10,3,True,2025-03-12T12:35:46Z,False,1
20250223_1371_sbom_data.json,com.github.BenAngel03/BenADjangoPagesAppp,SPDX-2.3,4,3,1,pypi,3,0,False,2025-02-23T14:46:14Z,True,2
20250220_519_sbom_data.json,com.github.MayaNikfar/express-todos,SPDX-2.3,123,122,1,npm,122,0,False,2025-02-20T12:03:25Z,False,1
20250223_175_sbom_data.json,com.github.CyberFlameGO/SkyWars,SPDX-2.3,7,6,1,maven,3,0,False,2025-02-23T13:19:57Z,False,1
20250322_1176_sbom_data.json,com.github.Aldoivan10/tesla-landing,SPDX-2.3,659,658,1,npm,656,0,False,2025-03-22T14:55:55Z,False,1
20250418_1198_sbom_data.json,com.github.vishnuakhil333/newIplDashboard,SPDX-2.3,1558,1557,1,npm,1554,0,False,2025-04-19T15:33:08Z,False,1
20250318_116_sbom_data.json,com.github.ww-tech/roxie,SPDX-2.3,65,64,1,gem,64,0,False,2025-03-18T14:09:03Z,False,1
20250311_1162_sbom_data.json,com.github.markgreene74/bitesofpy,SPDX-2.3,3,2,1,github_actions,2,0,False,2025-03-11T12:23:24Z,False,1
20250213_828_sbom_data.json,com.github.jalvarezg/jalvarezg,SPDX-2.3,65,64,2,"composer,npm",61,3,True,2025-02-13T12:54:50Z,False,1
20250222_801_sbom_data.json,com.github.static-web-apps-testing-org/swa5e0d17cdac8e47fbbdc593fbdfa3c12d,SPDX-2.3,8,7,1,npm,3,4,True,2025-02-22T13:55:39Z,False,1
20250329_1592_sbom_data.json,com.github.4522Dev/github-slideshow,SPDX-2.3,100,99,2,"gem,npm",99,0,False,2025-03-29T15:46:22Z,False,1
20250409_1272_sbom_data.json,com.github.zirtrex/karius,SPDX-2.3,53,52,1,composer,52,0,False,2025-04-10T09:43:50Z,False,1
20250408_1049_sbom_data.json,com.github.Professional-Hobo/PokeMMOn,SPDX-2.3,56,55,1,npm,55,0,False,2025-04-09T12:14:18Z,False,1
20250315_228_sbom_data.json,com.github.TiyaReba/micromaylib,SPDX-2.3,1372,1371,1,npm,1364,0,False,2025-03-15T14:15:46Z,False,1
20250402_52_sbom_data.json,com.github.nathannak/fusionauth-example-flutter-dart-main,SPDX-2.3,31,30,1,pub,30,0,False,2025-04-02T12:33:09Z,True,2
20250405_114_sbom_data.json,com.github.Arcadias-Playground/doakdiabet2023.digiconkayit.com,SPDX-2.3,20,19,1,nuget,18,0,False,2025-04-05T15:27:23Z,False,1
20250327_1139_sbom_data.json,com.github.ssfsd/CucumberSeleniumPing,SPDX-2.3,11,10,1,maven,10,0,False,2025-03-27T12:39:16Z,False,1
20250406_1646_sbom_data.json,com.github.abbywei123/springmvc-2021,SPDX-2.3,14,13,1,maven,13,0,False,2025-04-06T12:24:07Z,False,1
20250331_974_sbom_data.json,com.github.TomasReyes21/Craftsy,SPDX-2.3,3,2,1,npm,0,2,False,2025-03-31T10:35:04Z,False,1
20250317_872_sbom_data.json,com.github.jayblacc2/Portfolio,SPDX-2.3,2,1,1,npm,0,1,True,2025-03-17T12:38:58Z,False,1
20250413_1495_sbom_data.json,com.github.rafaelim/python_codes,SPDX-2.3,9,8,1,pypi,8,0,False,2025-04-13T16:02:18Z,False,1
20250408_1367_sbom_data.json,com.github.tedmax100/FizzBuzz,SPDX-2.3,32,31,1,npm,31,0,False,2025-04-09T12:27:28Z,False,1
20250330_16_sbom_data.json,com.github.Michael19941212/chaos,SPDX-2.3,6,5,1,maven,2,0,True,2025-03-30T12:41:16Z,False,1
20250219_1587_sbom_data.json,com.github.stefan320/dice-toss-endpoints,SPDX-2.3,53,52,1,npm,52,0,False,2025-02-19T12:11:01Z,False,1
20250502_jumbo_13823_sbom_data.json,com.github.Chengo-ril/suave,SPDX-2.3,150,149,1,npm,148,0,False,2025-05-03T19:38:46Z,False,1
20250330_1678_sbom_data.json,com.github.alishdemo/project-94..,SPDX-2.3,14,13,1,npm,6,7,False,2025-03-30T14:18:40Z,False,1
20250306_661_sbom_data.json,com.github.leoan1/TiendavirtualG231owner,SPDX-2.3,4,3,1,maven,0,0,True,2025-03-06T06:55:14Z,False,1
20250328_665_sbom_data.json,com.github.Prioe/gatsby-starter-netlify-cms,SPDX-2.3,3428,3427,1,npm,3417,0,False,2025-03-28T12:39:29Z,False,1
20250502_jumbo_1923_sbom_data.json,com.github.bungabear/get-aar-info-action,SPDX-2.3,3,2,1,npm,0,2,False,2025-05-02T18:20:34Z,False,1
20250225_85_sbom_data.json,com.github.AdrienCastelbou/weather-bot,SPDX-2.3,8,7,1,pypi,6,1,True,2025-02-25T13:08:34Z,False,1
20250429_316_sbom_data.json,com.github.Mayssaguerzani/state,SPDX-2.3,1482,1481,1,npm,1478,0,False,2025-04-29T12:53:13Z,False,1
20250215_458_sbom_data.json,com.github.dward2005/Repositorio,SPDX-2.3,861,860,1,npm,858,0,False,2025-02-15T14:52:15Z,False,1
20250218_1697_sbom_data.json,com.github.rugbymeeeeow/TekCont,SPDX-2.3,3,2,1,nuget,2,0,False,2025-02-18T13:28:41Z,False,1
20250502_jumbo_4675_sbom_data.json,com.github.karlwernsman/zodiac-api,SPDX-2.3,425,424,2,"github_actions,npm",423,0,False,2025-05-02T21:35:21Z,False,1
20250502_jumbo_3613_sbom_data.json,com.github.Saganeiro/e2e-java,SPDX-2.3,13,12,1,maven,11,0,False,2025-05-02T19:31:35Z,False,1
20250323_684_sbom_data.json,com.github.itzhoujun/push-worker,SPDX-2.3,10,9,1,composer,9,0,False,2025-03-23T12:23:24Z,False,1
20250417_770_sbom_data.json,com.github.jasonkeung/festies,SPDX-2.3,36,35,1,pub,35,0,False,2025-04-17T10:51:39Z,False,1
20250414_855_sbom_data.json,com.github.BoSantos/starter-hugo-academic,SPDX-2.3,6,5,2,"github_actions,golang",4,0,False,2025-04-14T09:41:16Z,False,1
20250414_873_sbom_data.json,com.github.up5-tech/quan-ly-ban-hang,SPDX-2.3,1499,1498,2,"composer,npm",1485,11,True,2025-04-14T09:41:32Z,False,1
20250222_1525_sbom_data.json,com.github.Snugles/onTimeline,SPDX-2.3,15,14,1,npm,1,13,True,2025-02-22T14:33:16Z,False,1
20250321_344_sbom_data.json,com.github.Voxelot/merkle-bench,SPDX-2.3,5,4,1,cargo,0,4,True,2025-03-21T12:35:56Z,False,1
20250427_1037_sbom_data.json,com.github.Augmentx-zw/aspdotnetcorecrud,SPDX-2.3,4,3,1,nuget,2,1,True,2025-04-27T13:53:59Z,False,1
20250502_jumbo_13863_sbom_data.json,com.github.deep1501/aws-github,SPDX-2.3,7,6,2,"github_actions,maven",2,0,True,2025-05-03T19:39:36Z,False,1
20250408_179_sbom_data.json,com.github.parthfataniya/node-weather-website,SPDX-2.3,115,114,1,npm,114,0,False,2025-04-08T11:43:51Z,False,1
20250312_87_sbom_data.json,com.github.MarximusMaximus/SceneSwitcher,SPDX-2.3,7,6,1,github_actions,6,0,False,2025-03-12T12:01:56Z,False,1
20250414_1518_sbom_data.json,com.github.umum253/nuxt-todo-app,SPDX-2.3,1025,1024,1,npm,1021,0,False,2025-04-14T10:25:10Z,False,1
20250430_147_sbom_data.json,com.github.AureliaToolbox/gigme.io-client,SPDX-2.3,1149,1148,1,npm,1146,0,False,2025-04-30T13:42:24Z,False,1
20250311_1503_sbom_data.json,com.github.nicolasmendonca/vite-chakra-starter,SPDX-2.3,426,425,1,npm,423,0,False,2025-03-11T14:30:06Z,False,1
20250316_1566_sbom_data.json,com.github.IvanHdzRz/docker-practice,SPDX-2.3,702,701,2,"github_actions,npm",698,1,False,2025-03-16T12:49:48Z,False,1
20250301_141_sbom_data.json,com.github.cbebe/monkey-typo,SPDX-2.3,245,244,2,"cargo,pypi",243,0,False,2025-03-01T13:08:39Z,False,1
20250502_jumbo_4946_sbom_data.json,com.github.yoramnag/Mabaya-project,SPDX-2.3,7,6,1,maven,0,0,True,2025-05-02T21:40:26Z,False,1
20250305_1366_sbom_data.json,com.github.Ucchwas/Rest-Api,SPDX-2.3,9,8,1,nuget,8,0,False,2025-03-05T13:01:16Z,False,1
20250329_1368_sbom_data.json,com.github.marissachilds/marissachilds.github.io,SPDX-2.3,88,87,1,gem,87,0,False,2025-03-29T14:57:46Z,False,1
20250402_1247_sbom_data.json,com.github.sanoopsasidharan/pureNodeJs-frontend,SPDX-2.3,1170,1169,1,npm,1165,0,False,2025-04-02T18:59:21Z,True,2
20250226_189_sbom_data.json,com.github.nzikos/BarChartClient,SPDX-2.3,9,8,1,maven,7,0,False,2025-02-26T12:29:59Z,False,1
20250316_528_sbom_data.json,com.github.ajinkyagadhave24/events-app-web-server,SPDX-2.3,321,320,1,npm,319,0,False,2025-03-16T11:55:08Z,False,1
20250418_974_sbom_data.json,com.github.neeveshjain/Jugadoo_Server,SPDX-2.3,10,9,1,pypi,0,0,True,2025-04-19T15:30:20Z,False,1
20250502_jumbo_6477_sbom_data.json,com.github.Aboodazmy/emotours,SPDX-2.3,3081,3080,2,"composer,npm",3030,37,True,2025-05-02T23:16:21Z,False,1
20250213_341_sbom_data.json,com.github.ynoacamino/restaurant_page,SPDX-2.3,280,279,1,npm,278,0,False,2025-02-13T12:35:53Z,False,1
20250217_148_sbom_data.json,com.github.rakshithaaj/Blog-application,SPDX-2.3,10,9,1,maven,2,0,True,2025-02-17T11:17:11Z,False,1
20250311_836_sbom_data.json,com.github.palianytsia/information-retrieval,SPDX-2.3,9,8,1,maven,8,0,False,2025-03-11T12:03:01Z,False,1
20250328_342_sbom_data.json,com.github.davinegreiiros/project-springboot-2-java-11,SPDX-2.3,7,6,1,maven,0,0,True,2025-03-28T12:31:55Z,False,1
20250221_1220_sbom_data.json,com.github.scootpain/Firstapp,SPDX-2.3,17,16,1,npm,5,10,True,2025-02-21T13:22:22Z,False,1
20250330_1649_sbom_data.json,com.github.FCOO/promise-list,SPDX-2.3,1337,1336,1,npm,1334,0,False,2025-03-30T14:18:13Z,False,1
20250316_1470_sbom_data.json,com.github.VictorJesusReaValencia/Permiso-Economico-UAN-SIP,SPDX-2.3,15,14,1,composer,1,13,True,2025-03-16T12:48:17Z,False,1
20250419_1522_sbom_data.json,com.github.buzzkillhardball/Termux,SPDX-2.3,3,2,1,gem,0,2,True,2025-04-19T17:03:01Z,False,1
20250208_857_sbom_data.json,com.github.sbnli/KitapDegerlendirme,SPDX-2.3,3,2,1,nuget,2,0,False,2025-02-09T21:00:17Z,False,1
20250315_190_sbom_data.json,com.github.cosmatiy88/school_infokiosk,SPDX-2.3,1182,1181,1,npm,1178,0,False,2025-03-15T14:07:25Z,False,1
20250224_1162_sbom_data.json,com.github.vonalfafara/laravel-ecom-server,SPDX-2.3,119,118,2,"composer,npm",115,3,True,2025-02-24T14:40:29Z,False,1
20250309_938_sbom_data.json,com.github.terosilveira/tickets-project,SPDX-2.3,1172,1171,2,"npm,pypi",1166,0,True,2025-03-09T12:59:29Z,False,1
20250407_1398_sbom_data.json,com.github.gqians/logging,SPDX-2.3,651,650,1,npm,649,0,False,2025-04-07T12:07:55Z,False,1
20250411_193_sbom_data.json,com.github.malkiro/note-collector-app,SPDX-2.3,1247,1246,2,"maven,npm",1234,0,True,2025-04-11T14:07:01Z,False,1
20250414_325_sbom_data.json,com.github.NateTheDev1/honey,SPDX-2.3,1265,1264,1,npm,1207,49,False,2025-04-14T09:27:44Z,False,1
20250427_1530_sbom_data.json,com.github.sammiepius/e_commerce_backend,SPDX-2.3,216,215,1,npm,215,0,False,2025-04-27T20:42:51Z,False,1
20250212_569_sbom_data.json,com.github.stevenleung2018/dockerfile-practice,SPDX-2.3,5,4,1,github_actions,2,0,False,2025-02-12T12:38:59Z,False,1
20250416_1487_sbom_data.json,com.github.bburns/LanguageModels,SPDX-2.3,10,9,1,pypi,9,0,False,2025-04-16T21:11:26Z,False,1
20250327_1652_sbom_data.json,com.github.WorldOfWheat/SideProjects,SPDX-2.3,5,4,1,maven,2,0,True,2025-03-27T12:53:54Z,False,1
20250424_1065_sbom_data.json,com.github.CandraJengger/kirimin-aja-revamp,SPDX-2.3,1188,1187,1,npm,1183,0,False,2025-04-24T12:18:32Z,False,1
20250318_1353_sbom_data.json,com.github.LunaNor/backend-server-udemy,SPDX-2.3,681,680,1,npm,680,0,False,2025-03-18T16:13:38Z,False,1
20250402_899_sbom_data.json,com.github.federicocp/web-bagre,SPDX-2.3,5,4,1,github_actions,4,0,False,2025-04-02T17:06:53Z,True,2
20250322_279_sbom_data.json,com.github.mmbr1974/pruebasunir,SPDX-2.3,3,2,1,github_actions,2,0,False,2025-03-22T14:30:37Z,False,1
20250218_1113_sbom_data.json,com.github.BenjaminBettan/SpringJWT,SPDX-2.3,9,8,1,maven,3,0,True,2025-02-18T12:37:42Z,False,1
20250227_615_sbom_data.json,com.github.kiemarie23/workflows_demo,SPDX-2.3,3,2,1,github_actions,2,0,False,2025-02-27T09:52:59Z,False,1
20250216_572_sbom_data.json,com.github.whencome/gomodel,SPDX-2.3,4,3,1,golang,2,0,False,2025-02-16T12:56:52Z,False,1
20250408_749_sbom_data.json,com.github.jagadeeshgudla/spring_oct_vdsi_training,SPDX-2.3,24,23,1,maven,14,0,True,2025-04-09T12:00:14Z,False,1
20250221_1263_sbom_data.json,com.github.frenchiejnr/portfolio-spotify-tools,SPDX-2.3,378,377,1,npm,376,0,False,2025-02-21T13:23:11Z,False,1
20250302_604_sbom_data.json,com.github.xiaoahao777/xiaoahao,SPDX-2.3,5,4,1,github_actions,4,0,False,2025-03-02T13:00:18Z,False,1
20250321_140_sbom_data.json,com.github.farukavci/github-slideshow,SPDX-2.3,90,89,2,"gem,npm",89,0,False,2025-03-21T12:33:31Z,False,1
20250310_1017_sbom_data.json,com.github.ly-hao/shop_vue,SPDX-2.3,947,946,1,npm,936,0,False,2025-03-10T11:23:50Z,False,1
20250228_1601_sbom_data.json,com.github.mattkellough/YelpClone,SPDX-2.3,60,59,1,gem,59,0,False,2025-02-28T18:14:32Z,False,1
20250502_jumbo_7549_sbom_data.json,com.github.maryammouhajer/blood-frontend,SPDX-2.3,1263,1262,1,npm,1256,0,False,2025-05-03T01:05:00Z,False,1
20250228_691_sbom_data.json,com.github.F1shS0up/ShooterGame,SPDX-2.3,4,3,1,nuget,3,0,False,2025-02-28T12:32:18Z,False,1
20250502_jumbo_9768_sbom_data.json,com.github.maotinggang/car-data,SPDX-2.3,61,60,1,npm,1,59,False,2025-05-03T13:20:47Z,False,1
20250422_471_sbom_data.json,com.github.amirhossein-bayati/todo-app,SPDX-2.3,5,4,1,pypi,4,0,False,2025-04-23T14:31:16Z,False,1
20250424_1581_sbom_data.json,com.github.noritaketakamichi/nonogram,SPDX-2.3,1840,1839,1,npm,1836,0,False,2025-04-25T12:22:46Z,False,1
20250422_1394_sbom_data.json,com.github.LeatherGreenGargoyle/tictactoe,SPDX-2.3,34,33,1,npm,33,0,False,2025-04-24T00:48:26Z,True,2
20250318_1070_sbom_data.json,com.github.kelas-pemrograman-3-Informatika18/UAS-PenjualanPropertybackend-Prasadewa18421072-Farel18421073,SPDX-2.3,150,149,1,npm,149,0,False,2025-03-18T16:08:23Z,False,1
20250317_1332_sbom_data.json,com.github.heyjoeb/mis-gastos,SPDX-2.3,59,58,1,gem,56,0,False,2025-03-17T12:50:34Z,False,1
20250225_560_sbom_data.json,com.github.rongmax-gufei/react-native-clear-cache-demo,SPDX-2.3,634,633,1,npm,632,0,False,2025-02-25T13:15:53Z,False,1
20250215_663_sbom_data.json,com.github.Kenzie-Academy-Brasil-Developers/react-entrega-s1-preparativos-para-o-torneio-tribruxo-LuizPombo,SPDX-2.3,9,8,1,npm,1,7,True,2025-02-15T14:54:34Z,False,1
20250403_961_sbom_data.json,com.github.kaushikudavant44/BionischeWebAPI,SPDX-2.3,22,21,1,maven,8,0,True,2025-04-03T10:16:27Z,False,1
20250331_720_sbom_data.json,com.github.0-Serotonin/WaveScan,SPDX-2.3,1276,1275,1,npm,1270,0,False,2025-03-31T10:32:02Z,False,1
20250423_1060_sbom_data.json,com.github.hasnatsajid/dropshipping-webstore,SPDX-2.3,310,309,1,npm,308,0,False,2025-04-23T12:50:11Z,False,1
20250312_194_sbom_data.json,com.github.Gayathri-Siva/MERN-graphql,SPDX-2.3,1755,1754,1,npm,1746,0,False,2025-03-12T12:03:23Z,False,1
20250214_1500_sbom_data.json,com.github.valerii15298/int20h-2024,SPDX-2.3,43,42,2,"github_actions,npm",2,39,True,2025-02-14T13:30:46Z,False,1
20250321_1566_sbom_data.json,com.github.asdne/CRUDSpringB,SPDX-2.3,11,10,1,maven,9,0,True,2025-03-21T13:38:10Z,False,1
20250401_947_sbom_data.json,com.github.kurniawidiyantoro/animelist-with-nextjs-12,SPDX-2.3,304,303,1,npm,302,0,False,2025-04-05T13:48:45Z,True,2
20250403_136_sbom_data.json,com.github.leifeng/hello-RN,SPDX-2.3,614,613,1,npm,611,0,False,2025-04-03T10:03:04Z,False,1
20250212_332_sbom_data.json,com.github.ronmcca/github-slideshow,SPDX-2.3,100,99,2,"gem,npm",99,0,False,2025-02-12T12:34:37Z,False,1
20250302_1099_sbom_data.json,com.github.Ycyber13/testing13,SPDX-2.3,5,4,1,github_actions,4,0,False,2025-03-02T13:08:06Z,False,1
20250407_598_sbom_data.json,com.github.podop29/32.2,SPDX-2.3,84,83,1,npm,83,0,False,2025-04-07T11:10:44Z,False,1
20250408_1173_sbom_data.json,com.github.iFarhanAli/ReactJS-Puzzle-Game,SPDX-2.3,1022,1021,1,npm,1021,0,False,2025-04-09T12:17:43Z,False,1
20250424_63_sbom_data.json,com.github.nileshverma054/ignite_api,SPDX-2.3,35,34,1,pypi,34,0,False,2025-04-24T11:41:52Z,False,1
20250228_1434_sbom_data.json,com.github.chunyuema/spring-framework-pet-clinic,SPDX-2.3,17,16,1,maven,4,0,True,2025-02-28T18:09:46Z,False,1
20250212_151_sbom_data.json,com.github.santoshpattanaik/Spring-Boot-Microservice-Project,SPDX-2.3,13,12,1,maven,5,0,True,2025-02-12T12:31:27Z,False,1
20250410_1468_sbom_data.json,com.github.trofimchuk-t/worker-service-template,SPDX-2.3,4,3,1,nuget,3,0,False,2025-04-10T11:53:20Z,False,1
20250213_822_sbom_data.json,com.github.Zaiens/Baticueva-VivaFeliz,SPDX-2.3,554,553,1,npm,534,0,False,2025-02-13T12:54:39Z,False,1
20250424_848_sbom_data.json,com.github.MashaMoreva/wish-list,SPDX-2.3,61,60,1,npm,60,0,False,2025-04-24T12:00:20Z,False,1
20250313_210_sbom_data.json,com.github.tracelabs/tlosint-vm,SPDX-2.3,6,5,1,github_actions,2,3,False,2025-03-13T12:26:24Z,False,1
20250309_295_sbom_data.json,com.github.hoperong/zhibo,SPDX-2.3,11,10,1,pypi,10,0,False,2025-03-09T12:41:09Z,False,1
20250419_615_sbom_data.json,com.github.glowmonster/yiyun-java,SPDX-2.3,30,29,1,maven,25,0,False,2025-04-19T15:46:01Z,False,1
