,20250210_447_sbom_data.json,20250312_248_sbom_data.json,20250308_540_sbom_data.json,20250502_jumbo_3179_sbom_data.json,20250211_1366_sbom_data.json,20250307_139_sbom_data.json,20250419_491_sbom_data.json,20250414_793_sbom_data.json,20250502_jumbo_12963_sbom_data.json,20250320_1023_sbom_data.json,20250324_485_sbom_data.json,20250219_1142_sbom_data.json,20250411_866_sbom_data.json,20250324_242_sbom_data.json,20250322_241_sbom_data.json,20250416_657_sbom_data.json,20250502_jumbo_10892_sbom_data.json,20250306_550_sbom_data.json,20250502_jumbo_979_sbom_data.json,20250307_1428_sbom_data.json,20250227_1133_sbom_data.json,20250323_221_sbom_data.json,20250321_648_sbom_data.json,20250420_249_sbom_data.json,20250324_396_sbom_data.json,20250214_1461_sbom_data.json,20250306_771_sbom_data.json,20250327_1054_sbom_data.json,20250215_283_sbom_data.json,20250502_jumbo_13314_sbom_data.json,20250407_203_sbom_data.json,20250412_1361_sbom_data.json,20250417_208_sbom_data.json,20250224_1367_sbom_data.json,20250226_632_sbom_data.json,20250325_132_sbom_data.json,20250418_910_sbom_data.json,20250502_jumbo_13802_sbom_data.json,20250311_1388_sbom_data.json,20250502_jumbo_9047_sbom_data.json,20250320_100_sbom_data.json,20250330_99_sbom_data.json,20250310_824_sbom_data.json,20250315_1221_sbom_data.json,20250408_221_sbom_data.json,20250303_1483_sbom_data.json,20250323_91_sbom_data.json,20250502_jumbo_7959_sbom_data.json,20250419_1455_sbom_data.json,20250316_1292_sbom_data.json,20250308_1092_sbom_data.json,20250308_1329_sbom_data.json,20250502_jumbo_2331_sbom_data.json,20250405_877_sbom_data.json,20250411_217_sbom_data.json,20250426_1545_sbom_data.json,20250329_448_sbom_data.json,20250412_1423_sbom_data.json,20250502_jumbo_6624_sbom_data.json,20250326_674_sbom_data.json,20250427_65_sbom_data.json,20250323_832_sbom_data.json,20250210_1258_sbom_data.json,20250418_1115_sbom_data.json,20250216_1131_sbom_data.json,20250502_jumbo_11496_sbom_data.json,20250214_449_sbom_data.json,20250307_82_sbom_data.json,20250502_jumbo_14282_sbom_data.json,20250308_194_sbom_data.json,20250404_1683_sbom_data.json,20250214_1123_sbom_data.json,20250219_1451_sbom_data.json,20250319_857_sbom_data.json,20250302_1466_sbom_data.json,20250329_223_sbom_data.json,20250301_261_sbom_data.json,20250312_876_sbom_data.json,20250209_351_sbom_data.json,20250218_533_sbom_data.json,20250405_1585_sbom_data.json,20250227_1478_sbom_data.json,20250208_1394_sbom_data.json,20250325_816_sbom_data.json,20250402_1511_sbom_data.json,20250406_1002_sbom_data.json,20250407_861_sbom_data.json,20250226_192_sbom_data.json,20250217_1222_sbom_data.json,20250215_700_sbom_data.json,20250327_1532_sbom_data.json,20250421_528_sbom_data.json,20250217_1561_sbom_data.json,20250426_1120_sbom_data.json,20250417_234_sbom_data.json,20250415_1518_sbom_data.json,20250410_1473_sbom_data.json,20250427_294_sbom_data.json,20250315_1483_sbom_data.json,20250317_1341_sbom_data.json
20250210_447_sbom_data.json,1.0,0.0019164574806217445,0.0014810794566103172,0.1789632898233971,0.11555404122553645,0.08510445698566747,0.009915612874961543,0.05965528445980628,0.030721355285909635,0.03268819319305351,0.0,0.0,0.0,0.0,0.0018906116253059387,0.0,0.004752507718560467,0.14059723030977447,0.09250766220919644,0.0,0.0049403772656083905,0.0,0.0,0.007580662369007543,0.0,0.0,0.0,0.0,0.16161575308475942,0.16985264872182057,0.1296293071239554,0.042948660812896236,0.0,0.0,0.02477270597942054,0.0,0.055195273038145885,0.006999536848996571,0.01299021444149934,0.0,0.03214296588450075,0.0,0.0,0.13839186022996042,0.0,0.0,0.05729670885147343,0.0018951337284974859,0.0017276925213148037,0.02953236745774978,0.027008972490727225,0.0,0.0,0.0,0.0,0.0,0.001482176681348445,0.10773499822734081,0.0,0.0,0.00206955630898322,0.0,0.0,0.0,0.0,0.0,0.0882229844439064,0.05829635921197339,0.4996053530987668,0.0665589151119288,0.0018323099851889032,0.0,0.0,0.11386474597308915,0.06977864694729433,0.038739297413938195,0.09173887705411732,0.0,0.0,0.0,0.0,0.07221627015710651,0.0,0.0,0.09115165832558585,0.08974350839061726,0.03181999996897932,0.0,0.0,0.0,0.07047523116773062,0.0,0.6370577245517577,0.08366525442468833,0.10845191174102953,0.0,0.028015770210928662,0.0,0.14676599334464688,0.08778029259130968
20250312_248_sbom_data.json,0.0019164574806217445,1.0,0.0,0.0,0.0,0.0,0.0,0.0,0.0,0.0,0.0,0.0,0.0,0.0,0.08347923178951075,0.0,0.03314178325628507,0.0,0.0,0.0,0.08869083053963236,0.0,0.0,0.0,0.0,0.0,0.0,0.0,0.0,0.0,0.0,0.0,0.0,0.0,0.0,0.0,0.0,0.0,0.0,0.0,0.0,0.0,0.0,0.0,0.0,0.0,0.0,0.09331044178835575,0.0,0.0,0.0,0.0,0.0,0.0,0.0,0.0,0.0,0.0,0.0,0.0,0.0,0.0,0.0,0.0,0.0,0.0,0.0,0.0,0.0,0.0,0.0,0.0,0.0,0.0,0.0,0.0,0.0,0.0,0.0,0.0,0.0,0.0,0.0,0.0,0.0,0.0,0.0,0.0,0.0,0.0,0.0,0.0,0.0,0.0,0.001690360619701343,0.0,0.0,0.0,0.0,0.0
20250308_540_sbom_data.json,0.0014810794566103172,0.0,1.0,0.00191903867628124,0.002738179877189665,0.0011335389800721496,0.01176666861045222,0.0,0.0,0.0,0.0,0.0,0.0,0.0,0.0,0.0,0.0,0.0013455649192331014,0.0012165595953007914,0.0,0.0,0.0,0.0,0.0,0.0,0.0,0.0,0.0,0.0011465380265554327,0.001297489649368947,0.0077148101121800655,0.0,0.0,0.0,0.0,0.0,0.004664428311283806,0.0,0.0,0.0,0.0,0.0,0.0,0.0013058881342038024,0.0,0.0,0.001749788104791021,0.0,0.0,0.0,0.002519982310390634,0.0,0.0,0.0,0.0,0.0,0.021319547754618143,0.0,0.0,0.0,0.0,0.0,0.0,0.0,0.0,0.0,0.0023431009773797425,0.004101246434465287,0.0,0.0034537569428115334,0.0,0.0,0.0,0.002656580255034688,0.0,0.0,0.0007475194579815446,0.0,0.0,0.0,0.0,0.0,0.0,0.0,0.0,0.00612486489329565,0.005968253940761046,0.0,0.0,0.0,0.0009110060090730832,0.0,0.0,0.0007483926102206612,0.0013111100503905683,0.0,0.0,0.0,0.0011179488571332438,0.0
20250502_jumbo_3179_sbom_data.json,0.1789632898233971,0.0,0.00191903867628124,1.0,0.09806477092064105,0.19540056562568026,0.1992753741958177,0.0,0.0820421808916993,0.06799174500302628,0.0,0.0,0.0,0.0,0.0,0.0,0.0024680263280562405,0.05314350060057197,0.22919484511973356,0.0,0.0,0.0,0.0,0.004844646549663281,0.0,0.0,0.004136322743394586,0.0,0.04742210171231238,0.049971818261175006,0.06886326361471602,0.053138907840294576,0.0,0.0,0.13257394165466524,0.0,0.03398697977391058,0.002822787422788742,0.0474429044267147,0.0,0.19963060577608194,0.0,0.0022237017949319916,0.05018321775546944,0.0,0.0,0.1482951646552165,0.0,0.0,0.025552917940334725,0.044311978120216325,0.0,0.02696445733253704,0.0,0.0,0.011855130165216223,0.0,0.26640103814933,0.0,0.0,0.0017417457116959973,0.0,0.0,0.0,0.0,0.0,0.2627731675942693,0.2278123228426779,0.20342019887406212,0.09359382204854556,0.0012659200413406436,0.0,0.0,0.08451062193754737,0.07045771153371831,0.03030268185851434,0.16256241406398392,0.0,0.0,0.006445583454577101,0.0,0.014477950229244108,0.0,0.0,0.03362540102477168,0.029295234515296906,0.052886542699039085,0.0,0.0,0.0,0.2281404961654524,0.0,0.1740702231503388,0.17709827372335954,0.07257450711172439,0.0,0.1512143214503833,0.0,0.058796023170359354,0.01677564226213871
20250211_1366_sbom_data.json,0.11555404122553645,0.0,0.002738179877189665,0.09806477092064105,1.0,0.11169535979476176,0.0941723090410059,0.0,0.029881031219490355,0.015179255477671258,0.0,0.0,0.0,0.0,0.0,0.0,0.0036102509837807758,0.0959896549916088,0.13417630472503914,0.0,0.0,0.0,0.0,0.002266546294589892,0.0,0.0,0.0,0.0,0.11125306591008305,0.1178866811624702,0.04995951964335613,0.0,0.0,0.0,0.1734447509085911,0.0,0.031082420226573662,0.006698824973263569,0.023291232536164396,0.0,0.09789324913873744,0.0,0.0,0.0922675974902413,0.0,0.0,0.0882241189306933,0.0,0.0014880677299663175,0.014627923098797636,0.02156963573576033,0.0,0.0,0.0,0.0,0.0,0.0026400538064884115,0.13639121391623282,0.0,0.0,0.00258953488271864,0.0,0.0027531679946851627,0.0,0.0,0.0,0.14917756673553112,0.09025115513623175,0.08825486495881424,0.06971614632933494,0.0022808616412197144,0.0,0.0027307280742299516,0.12501178013683997,0.09301005898933196,0.044967453337984575,0.09736437598835718,0.0,0.0,0.0,0.0,0.023078732762493497,0.0027531679946851627,0.0,0.04660912288319107,0.11040009370063537,0.01658673996759928,0.0,0.0027531679946851627,0.0,0.08767597280246385,0.0,0.12907067720047743,0.09467296541526993,0.0342128004580685,0.0,0.053227482007998726,0.0,0.08853810080357342,0.025789905993935776
20250307_139_sbom_data.json,0.08510445698566747,0.0,0.0011335389800721496,0.19540056562568026,0.11169535979476176,1.0,0.15071196949426965,0.0,0.022505583427991836,0.033196918021712214,0.0,0.0,0.0,0.0,0.0,0.0,0.0010857422439239563,0.45666942200482646,0.7347471900317334,0.0,0.0,0.0,0.0,0.0011155408897595307,0.0,0.0,0.0,0.0,0.39171567657576495,0.4269892831534908,0.12021324989384634,0.0,0.0,0.0,0.05618275370465308,0.0,0.0446708827905748,0.0033595781093926492,0.0010975507658516656,0.0,0.0987897540796295,0.0,0.0,0.44079790831603743,0.0,0.0,0.1641881804124031,0.0,0.0,0.02265038846452463,0.03636808097496076,0.0,0.0,0.0,0.0,0.0,0.0011341815735343838,0.37686313993509046,0.0,0.0,0.0,0.0,0.0,0.0,0.0,0.0,0.38780643379219876,0.15760486847821395,0.11520797905052733,0.2638054103369824,0.0036522331465634727,0.0012353689347547494,0.0,0.15063862049680019,0.1985327489403481,0.01631081067971039,0.582009869105843,0.0,0.0,0.0,0.0,0.005115733400370202,0.0,0.0,0.025815290562168604,0.0669203220830527,0.04290779392603763,0.0,0.0,0.0,0.5069427998908506,0.0,0.0669225186490021,0.6385116117648114,0.07713226146230848,0.0,0.11155249634424626,0.0,0.39948987160506516,0.021182095682984327
20250419_491_sbom_data.json,0.009915612874961543,0.0,0.01176666861045222,0.1992753741958177,0.0941723090410059,0.15071196949426965,1.0,0.0,0.007736136489679895,0.0225180208108658,0.0,0.0,0.0,0.0,0.0,0.0,0.0,0.0,0.17878523949339392,0.0,0.0,0.0,0.0,0.0,0.0,0.0,0.0,0.0,0.0018794071610870836,0.0,0.0057996488690953965,0.0,0.0,0.0,0.17262223416045275,0.0,0.016932400474808675,0.0,0.0,0.0,0.1499643710024596,0.0,0.0,0.001018771602523592,0.0,0.0,0.2308785978715879,0.0,0.002161311177742869,0.00390679796531312,0.029902785646175926,0.0,0.0,0.0,0.0,0.0,0.009697294338498816,0.17080820455332257,0.0,0.0,0.0,0.0,0.0,0.0,0.016144976708028284,0.0,0.2073684208265942,0.15004086095470437,0.012691351292851432,0.0664433452809952,0.0,0.0,0.0,0.07653420841975737,0.06405802566774224,0.011340894586425699,0.10789269659575061,0.0,0.0,0.0,0.0,0.001559291232995767,0.0,0.0,0.003049513264082111,0.013289104238698715,0.013063686125006923,0.0,0.0,0.0,0.13996645797843205,0.0,0.009468829599755568,0.15091591308014093,0.017789099293304817,0.0,0.1848300563147364,0.0,0.0009065188259425748,0.0
20250414_793_sbom_data.json,0.05965528445980628,0.0,0.0,0.0,0.0,0.0,0.0,1.0,0.0,0.0,0.0,0.0,0.0,0.0,0.0,0.0,0.0,0.0,0.0,0.0,0.0,0.0,0.0,0.0,0.0,0.0,0.0,0.0,0.0,0.0,0.0,0.0,0.0,0.0,0.0,0.0,0.0,0.0,0.0,0.0,0.0,0.0,0.0,0.0,0.0,0.0,0.0,0.0,0.0,0.0,0.0,0.0,0.0,0.0,0.0,0.0,0.0,0.0,0.0,0.0,0.0,0.0,0.0,0.0,0.0,0.0,0.0,0.0,0.0,0.0,0.0,0.0,0.0,0.0,0.0,0.0,0.0,0.0,0.0,0.0,0.0,0.0,0.0,0.0,0.0,0.0,0.0,0.0,0.0,0.0,0.0,0.0,0.0,0.0,0.0,0.0,0.0,0.0,0.0,0.0
20250502_jumbo_12963_sbom_data.json,0.030721355285909635,0.0,0.0,0.0820421808916993,0.029881031219490355,0.022505583427991836,0.007736136489679895,0.0,1.0,0.011092021207419053,0.0,0.0,0.0,0.0,0.0,0.0,0.0,0.007522829292974068,0.04099539140128517,0.0,0.0,0.0,0.0,0.0,0.0,0.0,0.0,0.0,0.004303931598318519,0.001280694474732432,0.030661985592184793,0.007861053292932095,0.0,0.0,0.14716655625822816,0.0,0.016638550456394917,0.0,0.2607732562125046,0.0,0.019795742303445368,0.0,0.0,0.0012882470371543611,0.0,0.0,0.03512737050837746,0.0,0.0036400705152531744,0.0,0.01926334762582804,0.0,0.0,0.0,0.0,0.0,0.0,0.042240535943768566,0.0,0.0,0.012941743251480802,0.0,0.0,0.0,0.0,0.0,0.011742295062914411,0.06081364010376797,0.03626178219648909,0.018880502247135812,0.0,0.0,0.0,0.009579760287946075,0.016559614757491684,0.02508527735637624,0.02834883968343319,0.0,0.0,0.0,0.0,0.002205777582691798,0.0,0.0,0.03302766123722738,0.003332680290008324,0.08191701148260169,0.0,0.0,0.0,0.03540587680084638,0.0,0.03208669112855537,0.04103148433643632,0.015396241350126893,0.0,0.025567415242582582,0.0,0.0022122949444652986,0.0
20250320_1023_sbom_data.json,0.03268819319305351,0.0,0.0,0.06799174500302628,0.015179255477671258,0.033196918021712214,0.0225180208108658,0.0,0.011092021207419053,1.0,0.0,0.0,0.0,0.0,0.0,0.0,0.0,0.0030390181663045154,0.036136383719391534,0.0,0.0,0.0,0.0,0.0,0.0,0.0,0.0,0.0,0.005188415442766334,0.004192777029849248,0.039589684592259804,0.0028312040217003155,0.0,0.0,0.018003183557700017,0.0,0.008408189281283009,0.0,0.0026017724627395824,0.0,0.12426070988556037,0.0,0.0,0.002015563894896355,0.0,0.0,0.09631764349050248,0.0,0.002107988150268515,0.08949006080206555,0.01540878110698454,0.0,0.0,0.0,0.0,0.0,0.0,0.059039220964497326,0.0,0.0,0.0,0.0,0.0,0.0,0.0,0.0,0.06385138142164773,0.05712037115594725,0.039307219252377214,0.036180282354472224,0.003046716614697314,0.0,0.0,0.0068969027235837345,0.010971401684280714,0.0028984209794866997,0.01609931701764705,0.0,0.0,0.0,0.0,0.0034106296350699485,0.0,0.0,0.010860852496008077,0.0018966060681957022,0.014333822942435362,0.0,0.0,0.0,0.05287459695225477,0.0,0.026208173806483888,0.03198814534600797,0.04882546735374223,0.0,0.10383021647189612,0.0,0.021197618144292742,0.004489779813591617
20250324_485_sbom_data.json,0.0,0.0,0.0,0.0,0.0,0.0,0.0,0.0,0.0,0.0,1.0,0.0,0.0,0.0,0.0,0.0,0.0,0.0,0.0,0.0,0.0,0.0,0.0,0.0,0.0,0.0,0.0,0.0,0.0,0.0,0.0,0.0,0.0,0.0,0.0,0.0,0.0,0.0,0.0,0.0,0.0,0.0,0.0,0.0,0.0,0.0,0.0,0.0,0.0,0.0,0.0,0.0,0.0,0.0,0.0,0.0,0.0,0.0,0.0,0.0,0.0,0.0,0.0,0.0,0.0,0.0,0.0,0.0,0.0,0.0,0.0,0.0,0.0,0.0,0.0,0.0,0.0,0.0,0.0,0.0,0.0,0.0,0.0,0.0,0.0,0.0,0.0,0.0,0.0,0.0,0.0,0.0,0.0,0.0,0.0,0.0,0.0,0.0,0.0,0.0
20250219_1142_sbom_data.json,0.0,0.0,0.0,0.0,0.0,0.0,0.0,0.0,0.0,0.0,0.0,1.0,0.30686702224993867,0.0,0.0,0.0,0.0,0.0,0.0,0.0,0.0,0.0,0.0,0.0,0.0,0.0,0.4031029245975959,0.0,0.0,0.0,0.0,0.0,0.0,0.0,0.0,0.0,0.0,0.0,0.0,0.0,0.0,0.0,0.0,0.0,0.0,0.0,0.0,0.0,0.0,0.0,0.0,0.0,0.0,0.0,0.0,0.0,0.0,0.0,0.0,0.0,0.0,0.0,0.0,0.16182941141425927,0.0,0.0,0.0,0.0,0.0,0.0,0.0,0.0,0.0,0.0,0.0,0.0,0.0,0.0,0.0,0.0,0.0,0.0,0.0,0.0,0.0,0.0,0.0,0.0,0.0,0.0,0.0,0.0,0.0,0.0,0.0,0.0,0.0,0.0,0.0,0.0
20250411_866_sbom_data.json,0.0,0.0,0.0,0.0,0.0,0.0,0.0,0.0,0.0,0.0,0.0,0.30686702224993867,1.0,0.0,0.0,0.0,0.0,0.0,0.0,0.0,0.0,0.0,0.0,0.0,0.0,0.0,0.23652526370326102,0.0,0.0,0.0,0.0,0.0,0.0,0.0,0.0,0.0,0.0,0.0,0.0,0.0,0.0,0.0,0.0,0.0,0.0,0.0,0.0,0.0,0.0,0.0,0.0,0.0,0.0,0.0,0.0,0.0,0.0,0.0,0.0,0.0,0.0,0.0,0.0,0.2960249868021251,0.0,0.0,0.0,0.0,0.0,0.0,0.0,0.0,0.0,0.0,0.0,0.0,0.0,0.0,0.0,0.0,0.0,0.0,0.0,0.0,0.0,0.0,0.0,0.0,0.0,0.0,0.0,0.0,0.0,0.0,0.0,0.0,0.0,0.0,0.0,0.0
20250324_242_sbom_data.json,0.0,0.0,0.0,0.0,0.0,0.0,0.0,0.0,0.0,0.0,0.0,0.0,0.0,1.0,0.0,0.0,0.0,0.0,0.0,0.0,0.0,0.0,0.0,0.0,0.0,0.0,0.0,0.0,0.0,0.0,0.0,0.0,0.0,0.0,0.0,0.0,0.0,0.0,0.0,0.0,0.0,0.0,0.0,0.0,0.0,0.0,0.0,0.0,0.0,0.0,0.0,0.0,0.0,0.0,0.0,0.0,0.0,0.0,0.0,0.0,0.0,0.0,0.0,0.0,0.0,0.0,0.0,0.0,0.0,0.0,0.0,0.0,0.0,0.0,0.0,0.0,0.0,0.0,0.0,0.0,0.0,0.0,0.0,0.0,0.0,0.0,0.0,0.0,0.0,0.0,0.0,0.0,0.0,0.0,0.0,0.0,0.0,0.0,0.0,0.0
20250322_241_sbom_data.json,0.0018906116253059387,0.08347923178951075,0.0,0.0,0.0,0.0,0.0,0.0,0.0,0.0,0.0,0.0,0.0,0.0,1.0,0.0,0.026804855692814638,0.0,0.0,0.0,0.05432301230818494,0.0,0.0,0.0,0.0,0.0,0.0,0.0,0.0,0.0,0.0,0.0,0.0,0.0,0.0,0.0,0.0,0.0,0.0,0.0,0.0,0.0,0.0,0.0,0.0,0.0,0.0,0.05602179298113284,0.0,0.0,0.0,0.0,0.0,0.0,0.0,0.0,0.0,0.0,0.0,0.0,0.0,0.0,0.0,0.0,0.0,0.0,0.0,0.0,0.0,0.0,0.0,0.0,0.0,0.0,0.0,0.0,0.0,0.0,0.0,0.0,0.0,0.0,0.0,0.0,0.0,0.0,0.0,0.0,0.0,0.0,0.0,0.0,0.0,0.0,0.0016702213923425722,0.0,0.0,0.0,0.0,0.0
20250416_657_sbom_data.json,0.0,0.0,0.0,0.0,0.0,0.0,0.0,0.0,0.0,0.0,0.0,0.0,0.0,0.0,0.0,1.0,0.0,0.0,0.0,0.0,0.0,0.0,0.0,0.0,0.0,0.0,0.0,0.0,0.0,0.0,0.0,0.0,0.0,0.0,0.0,0.0,0.0,0.0,0.0,0.008265695879966017,0.0,0.0,0.0,0.0,0.0,0.9089749720972083,0.0,0.0,0.0,0.0,0.0,0.0,0.0,0.0,0.0,0.0,0.0,0.0,0.0,0.0,0.0,0.0,0.0,0.0,0.0,0.0,0.017391906889208598,0.0,0.0,0.0,0.0,0.0,0.0,0.0,0.0,0.0,0.0,0.0,0.0,0.0,0.06096437850148954,0.0,0.0,1.0,0.0,0.0,0.0,0.0,0.0,0.05888759841840066,0.0,0.09743947726042168,0.0,0.0,0.0,0.989271937864795,0.0,0.0,0.0,0.0
20250502_jumbo_10892_sbom_data.json,0.004752507718560467,0.03314178325628507,0.0,0.0024680263280562405,0.0036102509837807758,0.0010857422439239563,0.0,0.0,0.0,0.0,0.0,0.0,0.0,0.0,0.026804855692814638,0.0,1.0,0.0039437078273226525,0.002339832986478845,0.0,0.027320337496027598,0.0,0.0,0.0,0.0,0.0,0.0,0.0,0.005303224003575408,0.0038044770368194786,0.008628530103262989,0.0,0.0,0.0,0.0,0.0,0.002268939083805074,0.0,0.0,0.0,0.0,0.0,0.0,0.0060330790011399495,0.0,0.0,0.0,0.027743437266353217,0.0,0.012400366993762093,0.0,0.0,0.0,0.0,0.0,0.0,0.0,0.0023979881506116787,0.0,0.0,0.0,0.0,0.0,0.0,0.0,0.0,0.001513474237657024,0.0024143468598118835,0.0034791908342363762,0.0013003036168207933,0.0,0.0,0.0,0.003504685837897372,0.003058247751877644,0.0625459519951662,0.0022029489400990834,0.0,0.0,0.0,0.0,0.004805748429245683,0.0,0.0,0.007186161709850154,0.011761979775847163,0.0,0.0,0.0,0.0,0.0008747562428567469,0.0,0.003216060693774364,0.0007199178142455003,0.004213451043740794,0.0,0.0035984077701619026,0.0,0.0032834242904857497,0.01255403954645423
20250306_550_sbom_data.json,0.14059723030977447,0.0,0.0013455649192331014,0.05314350060057197,0.0959896549916088,0.45666942200482646,0.0,0.0,0.007522829292974068,0.0030390181663045154,0.0,0.0,0.0,0.0,0.0,0.0,0.0039437078273226525,1.0,0.373861949627734,0.0,0.0,0.0,0.0,0.0,0.0,0.0,0.0,0.0,0.7801899508234625,0.8658630932660917,0.19664555115647264,0.0013139146122473969,0.0,0.0,0.005068855632748149,0.0,0.07493676490534122,0.002635259166041422,0.0,0.0,0.013398873025767971,0.0,0.0,0.9261664526778326,0.0,0.0,0.07351574424348474,0.0,0.0,0.0663003509864173,0.02376230715464986,0.0,0.0,0.0,0.0,0.0,0.0055713038633917016,0.18708756849383995,0.0,0.0,0.0,0.0,0.0,0.0,0.0,0.0,0.16982373440878498,0.036908420039594485,0.19515629719522293,0.17779000384379864,0.002970503132503775,0.0014732030233564515,0.0,0.19679803013565067,0.24688602286083058,0.0441314104133587,0.3597367819561569,0.0,0.0,0.0,0.0,0.03460845614431373,0.0,0.0,0.10153409156898509,0.1152147060194948,0.020088402520628507,0.0,0.0,0.0,0.2481767189712417,0.0,0.13616659965909628,0.34332007253208424,0.09663718437284434,0.0,0.03755071137681047,0.0,0.7852596597910785,0.07836133520660667
20250502_jumbo_979_sbom_data.json,0.09250766220919644,0.0,0.0012165595953007914,0.22919484511973356,0.13417630472503914,0.7347471900317334,0.17878523949339392,0.0,0.04099539140128517,0.036136383719391534,0.0,0.0,0.0,0.0,0.0,0.0,0.002339832986478845,0.373861949627734,1.0,0.0,0.0,0.0,0.0,0.0011971898817870227,0.0,0.0,0.0,0.0,0.3193228888209763,0.34628673537421606,0.10466623898356772,0.0025281257714349762,0.0,0.0,0.07729711655376637,0.0,0.03786476091275585,0.002365430271826064,0.0011719193382591683,0.0,0.12147495187001867,0.0,0.0,0.36037603062005724,0.0,0.0,0.20125396748960944,0.0,0.0,0.025514826638820185,0.03238047770154112,0.0,0.0,0.0,0.0,0.0,0.0012172997937879963,0.431681038901406,0.0,0.0,0.0,0.0,0.0,0.0,0.0,0.0,0.4246205746011441,0.17195026917509929,0.12773642499392787,0.2437162588008613,0.0012304853005019598,0.001328234447074803,0.0,0.16175258798818434,0.199295179481413,0.025050146190541207,0.5138331941935351,0.0,0.0,0.0,0.0,0.004280731063820115,0.0,0.0,0.031086428849028968,0.08457889162283007,0.04862389741409327,0.0,0.0,0.0,0.5943199166071561,0.0,0.07433650909361776,0.5002413367971229,0.0738722181587427,0.0,0.12588680048083264,0.0,0.3245840308849311,0.019981351492951036
20250307_1428_sbom_data.json,0.0,0.0,0.0,0.0,0.0,0.0,0.0,0.0,0.0,0.0,0.0,0.0,0.0,0.0,0.0,0.0,0.0,0.0,0.0,1.0,0.0,0.0,0.0,0.0,0.0,0.13680940222117843,0.0,0.0,0.0,0.0,0.0,0.0,0.0,0.0,0.0,0.0,0.0,0.0,0.0,0.0,0.0,0.0,0.0,0.0,0.0,0.0,0.0,0.0,0.0,0.0,0.0,0.0,0.0,0.0,0.0,0.0,0.0,0.0,0.0020897536025495855,0.0,0.0,0.0,0.0,0.0,0.0,0.41800010750673877,0.0,0.0,0.0,0.0,0.0,0.0,0.0,0.0,0.0,0.0,0.0,0.0,0.0,0.0,0.0,0.0,0.0,0.0,0.0,0.0,0.0,0.0,0.0,0.0,0.0,0.0,0.0,0.0,0.0,0.0,0.0,0.0,0.0,0.0
20250227_1133_sbom_data.json,0.0049403772656083905,0.08869083053963236,0.0,0.0,0.0,0.0,0.0,0.0,0.0,0.0,0.0,0.0,0.0,0.0,0.05432301230818494,0.0,0.027320337496027598,0.0,0.0,0.0,1.0,0.0,0.0,0.0,0.0,0.0,0.0,0.0,0.0,0.0,0.0,0.0,0.0,0.0,0.0,0.0,0.0,0.0,0.0,0.0,0.0,0.0,0.0,0.0,0.0,0.0,0.0,0.05832164876075516,0.0,0.0,0.0,0.0,0.0,0.0,0.0,0.0,0.0,0.0,0.0,0.0,0.0,0.0,0.0,0.0,0.0,0.0,0.0,0.0,0.0,0.0,0.0,0.0,0.0,0.0,0.0,0.0,0.0,0.0,0.0,0.0,0.0,0.0,0.0,0.0,0.0,0.0,0.0,0.0,0.0,0.0,0.0,0.0,0.0,0.0,0.0016721873437516408,0.0,0.0,0.0,0.0,0.0
20250323_221_sbom_data.json,0.0,0.0,0.0,0.0,0.0,0.0,0.0,0.0,0.0,0.0,0.0,0.0,0.0,0.0,0.0,0.0,0.0,0.0,0.0,0.0,0.0,1.0,0.0,0.0,0.0,0.0,0.0,0.0,0.0,0.0,0.0,0.0,0.07231804535097734,0.0,0.0,0.0,0.0,0.0,0.0,0.0,0.0,0.0,0.0,0.0,0.0,0.0,0.0,0.0,0.0,0.0,0.0,0.11391269488223105,0.0,0.0,0.0,0.0,0.0,0.0,0.0,0.04035177584663231,0.0,0.0,0.0,0.0,0.0,0.0,0.0,0.0,0.0,0.0,0.0,0.0,0.0,0.0,0.0,0.0,0.0,0.0,0.0,0.0,0.0,0.0,0.0,0.0,0.0,0.0,0.0,0.0,0.0,0.0,0.0,0.0,0.0,0.0,0.0,0.0,0.0,0.0,0.0,0.0
20250321_648_sbom_data.json,0.0,0.0,0.0,0.0,0.0,0.0,0.0,0.0,0.0,0.0,0.0,0.0,0.0,0.0,0.0,0.0,0.0,0.0,0.0,0.0,0.0,0.0,1.0,0.0,0.0,0.0,0.0,0.0,0.0,0.0,0.0,0.0,0.0,0.0,0.0,0.0,0.0,0.0,0.0,0.0,0.0,0.0,0.0,0.0,0.0,0.0,0.0,0.0,0.0,0.0,0.0,0.0,0.0,0.0,0.0,0.0,0.0,0.0,0.0,0.0,0.0,0.0,0.0,0.0,0.0,0.0,0.0,0.0,0.0,0.0,0.0,0.0,0.0,0.0,0.0,0.0,0.0,0.0,0.0,0.0,0.0,0.0,0.0,0.0,0.0,0.0,0.0,0.0,0.0,0.0,0.0,0.0,0.0,0.0,0.0,0.0,0.00286613448344095,0.0,0.0,0.0
20250420_249_sbom_data.json,0.007580662369007543,0.0,0.0,0.004844646549663281,0.002266546294589892,0.0011155408897595307,0.0,0.0,0.0,0.0,0.0,0.0,0.0,0.0,0.0,0.0,0.0,0.0,0.0011971898817870227,0.0,0.0,0.0,0.0,1.0,0.0,0.0,0.0,0.0,0.0,0.0,0.058236163979688164,0.0,0.0,0.0,0.0,0.0,0.021137694636312827,0.0,0.07832606717873956,0.0,0.0,0.0,0.0,0.0,0.0,0.0,0.0,0.0,0.0,0.03199826969691361,0.0,0.0,0.0,0.0,0.0,0.0,0.0,0.0011961580796371644,0.0,0.0,0.0,0.0,0.0,0.0,0.0,0.0,0.0015506662594798155,0.0031852616502628527,0.0090869084795315,0.0013392045639511391,0.02748165421304445,0.0,0.0,0.0,0.0015704819921234486,0.03786843459692431,0.0007358032194904664,0.0,0.0,0.0,0.0,0.0,0.0,0.0,0.021136293226096482,0.0,0.0,0.0,0.0,0.0,0.000896648532756083,0.0,0.006751516895866566,0.01276085338003838,0.005076247371723922,0.0,0.003593091728325393,0.0,0.026531094135364745,0.0
20250324_396_sbom_data.json,0.0,0.0,0.0,0.0,0.0,0.0,0.0,0.0,0.0,0.0,0.0,0.0,0.0,0.0,0.0,0.0,0.0,0.0,0.0,0.0,0.0,0.0,0.0,0.0,1.0,0.0,0.0,0.0,0.0,0.0,0.0,0.0,0.0,0.027301467814755048,0.0,0.0,0.0,0.0,0.0,0.0,0.0,0.0,0.0,0.0,0.0,0.0,0.0,0.09268906408098,0.0,0.0,0.0,0.0,0.0,0.0,0.0,0.0,0.0,0.0,0.004433987876851411,0.0,0.0,0.02851895273217188,0.0,0.0,0.0,0.0,0.0,0.0,0.007220116076049672,0.0,0.0,0.0,0.0,0.0,0.0,0.0,0.0,0.0,0.0,0.0,0.0,0.0,0.0,0.0,0.0,0.0,0.0,0.0,0.0,0.0,0.0,0.0,0.0,0.0,0.0,0.0,0.0,0.13267469338451898,0.0,0.0
20250214_1461_sbom_data.json,0.0,0.0,0.0,0.0,0.0,0.0,0.0,0.0,0.0,0.0,0.0,0.0,0.0,0.0,0.0,0.0,0.0,0.0,0.0,0.13680940222117843,0.0,0.0,0.0,0.0,0.0,1.0,0.0,0.0,0.0,0.0,0.0,0.0,0.0,0.0,0.0,0.0,0.0,0.0,0.0,0.0,0.0,0.0,0.0,0.0,0.0,0.0,0.0,0.0,0.0,0.0,0.0,0.0,0.0,0.0,0.0,0.0,0.0,0.0,0.010081282043571957,0.0,0.0,0.0,0.0,0.0,0.0,0.16900184222238543,0.0,0.0,0.003098044602439431,0.0,0.0,0.0,0.0,0.0,0.0,0.0,0.0,0.0,0.0,0.0,0.0,0.0,0.0,0.0,0.0,0.0,0.0,0.0,0.0,0.0,0.0,0.0,0.0,0.0,0.0,0.0,0.0,0.0,0.0,0.0
20250306_771_sbom_data.json,0.0,0.0,0.0,0.004136322743394586,0.0,0.0,0.0,0.0,0.0,0.0,0.0,0.4031029245975959,0.23652526370326102,0.0,0.0,0.0,0.0,0.0,0.0,0.0,0.0,0.0,0.0,0.0,0.0,0.0,1.0,0.0,0.0,0.0,0.0,0.0,0.0,0.0,0.0,0.0,0.0,0.0,0.0,0.0,0.0,0.0,0.03516318716322355,0.0,0.0,0.0,0.0,0.0,0.0,0.0,0.0,0.0,0.03638574711020691,0.0,0.0,0.0,0.0,0.0,0.0,0.0,0.0,0.0,0.0,0.12905588287524863,0.0,0.0,0.0,0.0,0.0,0.0,0.0,0.0,0.0,0.0,0.0,0.0,0.0,0.0,0.0,0.012225220828019471,0.0,0.0,0.0,0.0,0.0,0.0,0.0,0.0,0.0,0.0,0.0,0.0,0.0,0.0,0.0,0.0,0.0,0.0,0.0,0.0
20250327_1054_sbom_data.json,0.0,0.0,0.0,0.0,0.0,0.0,0.0,0.0,0.0,0.0,0.0,0.0,0.0,0.0,0.0,0.0,0.0,0.0,0.0,0.0,0.0,0.0,0.0,0.0,0.0,0.0,0.0,1.0,0.0,0.0,0.0,0.0,0.0,0.0,0.0,0.0,0.0,0.0,0.0,0.0,0.0,0.0,0.0,0.0,0.0,0.0,0.0,0.0,0.0,0.0,0.0,0.0,0.0,0.0,0.0,0.0,0.0,0.0,0.0,0.0,0.0,0.0,0.0,0.0,0.0,0.0,0.0,0.0,0.0,0.0,0.0,0.0,0.0,0.0,0.0,0.0,0.0,0.0,0.0,0.0,0.0,0.0,0.0,0.0,0.0,0.0,0.0,0.0,0.0,0.0,0.0,0.0,0.0,0.0,0.0,0.0,0.0,0.0,0.0,0.0
20250215_283_sbom_data.json,0.16161575308475942,0.0,0.0011465380265554327,0.04742210171231238,0.11125306591008305,0.39171567657576495,0.0018794071610870836,0.0,0.004303931598318519,0.005188415442766334,0.0,0.0,0.0,0.0,0.0,0.0,0.005303224003575408,0.7801899508234625,0.3193228888209763,0.0,0.0,0.0,0.0,0.0,0.0,0.0,0.0,0.0,1.0,0.8552220948781512,0.177907590208407,0.0011241143760397057,0.0,0.0,0.00447554736645356,0.0,0.06633818128089346,0.002249107853899569,0.0,0.0,0.011751699650213741,0.0,0.0,0.8038020052045601,0.0,0.0,0.06642956024285358,0.0,0.0,0.09343972833950402,0.024853363095919675,0.0,0.0,0.0,0.0,0.0,0.0033379101594642477,0.16386269178126223,0.0,0.0,0.0018121871547931872,0.0,0.0,0.0,0.0,0.0,0.13942635630947348,0.03664059520409388,0.1626053345344467,0.1609087967062115,0.002529059933971589,0.0012498874126818744,0.0,0.1583667243226471,0.2095770706458077,0.06157652263740266,0.31756393538561845,0.0,0.0,0.0,0.0,0.05444747613596919,0.0,0.0,0.12874078542588815,0.08982078206218679,0.01620444671026049,0.0,0.0,0.0,0.23263209783006128,0.0,0.17949766028161704,0.3130073791023935,0.09065414927145009,0.0,0.036441942636656996,0.0,0.6846126519822879,0.10621455514995566
20250502_jumbo_13314_sbom_data.json,0.16985264872182057,0.0,0.001297489649368947,0.049971818261175006,0.1178866811624702,0.4269892831534908,0.0,0.0,0.001280694474732432,0.004192777029849248,0.0,0.0,0.0,0.0,0.0,0.0,0.0038044770368194786,0.8658630932660917,0.34628673537421606,0.0,0.0,0.0,0.0,0.0,0.0,0.0,0.0,0.0,0.8552220948781512,1.0,0.19126889871461358,0.0030506303219215917,0.0,0.0,0.002977599217313386,0.0,0.06847712341420649,0.0025420981788839858,0.0,0.0,0.00983514455871362,0.0,0.0,0.8686659586313589,0.0,0.0,0.06838300048631614,0.0,0.0,0.0854302298390036,0.020444624814741318,0.0,0.0,0.0,0.0,0.0,0.0012983316391076483,0.17960796775937998,0.0,0.0,0.0,0.0,0.0,0.0,0.0,0.0,0.1544577881367315,0.03600764200485756,0.18359334538461505,0.1681980881496103,0.0028638057430811757,0.0014190838954477286,0.0,0.17516642231939245,0.22310077563148958,0.05051883366876422,0.336239711256379,0.0,0.0,0.0,0.0,0.044233293553138736,0.0,0.0,0.11344958826250609,0.09954639592964808,0.011961561102531704,0.0,0.0,0.0,0.23424330269419008,0.0,0.17546326408049454,0.3240478903193265,0.09328394860738784,0.0,0.03457113560207531,0.0,0.7678544408004071,0.09517584513542411
20250407_203_sbom_data.json,0.1296293071239554,0.0,0.0077148101121800655,0.06886326361471602,0.04995951964335613,0.12021324989384634,0.0057996488690953965,0.0,0.030661985592184793,0.039589684592259804,0.0,0.0,0.0,0.0,0.0,0.0,0.008628530103262989,0.19664555115647264,0.10466623898356772,0.0,0.0,0.0,0.0,0.058236163979688164,0.0,0.0,0.0,0.0,0.177907590208407,0.19126889871461358,1.0,0.007971303921088716,0.0,0.0,0.008907375129716804,0.0033850972249980377,0.1422947347103892,0.013351589004846091,0.016545101222148757,0.0,0.028656462309865863,0.0,0.0,0.1959549118251856,0.0,0.0,0.10354770792229462,0.0,0.0,0.1033235091254744,0.06015572540974494,0.0,0.0,0.0,0.0,0.0,0.0,0.06333401554816258,0.0,0.0,0.0,0.0,0.0,0.0,0.00662104892661643,0.0,0.032703619871439035,0.052819511949855326,0.14142467968020517,0.15489357192963077,0.0027694182771128826,0.0,0.0,0.06862244571148758,0.21095591600826016,0.05466155310657828,0.11378914406069097,0.0,0.0,0.0,0.0,0.021944193107651885,0.0,0.0,0.058400024465972616,0.07259326830078731,0.05878381813193047,0.0,0.0,0.0,0.08603551780218843,0.0,0.12800286548798304,0.12629371919920598,0.07102352338763808,0.0,0.03840246517335992,0.0,0.23159115073864406,0.07669824868867836
20250412_1361_sbom_data.json,0.042948660812896236,0.0,0.0,0.053138907840294576,0.0,0.0,0.0,0.0,0.007861053292932095,0.0028312040217003155,0.0,0.0,0.0,0.0,0.0,0.0,0.0,0.0013139146122473969,0.0025281257714349762,0.0,0.0,0.0,0.0,0.0,0.0,0.0,0.0,0.0,0.0011241143760397057,0.0030506303219215917,0.007971303921088716,1.0,0.0,0.0,0.007068115330809408,0.0,0.0022797018181818073,0.0,0.0,0.0,0.0,0.0,0.0,0.0017891134818834625,0.0,0.0,0.0,0.0,0.0,0.0,0.00412474607848146,0.0,0.0,0.0,0.0,0.0,0.0,0.0030055112876756955,0.0,0.0,0.0,0.0,0.0,0.0,0.0,0.0,0.0,0.001722280193086648,0.05419425127602741,0.0013285488085775842,0.0,0.0,0.0,0.0,0.001550774220018709,0.0,0.0015676055115220087,0.0,0.0,0.0,0.0,0.0,0.0,0.0,0.0,0.003803951317064599,0.0028020875213807385,0.0,0.0,0.0,0.0022656325794784046,0.0,0.047524780286924515,0.0007397636437353783,0.0012811669627877176,0.0,0.0,0.0,0.002637494783015012,0.004048102318773243
20250417_208_sbom_data.json,0.0,0.0,0.0,0.0,0.0,0.0,0.0,0.0,0.0,0.0,0.0,0.0,0.0,0.0,0.0,0.0,0.0,0.0,0.0,0.0,0.0,0.07231804535097734,0.0,0.0,0.0,0.0,0.0,0.0,0.0,0.0,0.0,0.0,1.0,0.0,0.0,0.0,0.0,0.0,0.0,0.0,0.0,0.0,0.0,0.0,0.0,0.0,0.0,0.0,0.0,0.0,0.0,0.060898774677737216,0.0,0.0,0.0,0.0,0.0,0.0,0.0,0.06908295991082491,0.0,0.0,0.0,0.0,0.0,0.0,0.0,0.0,0.0,0.0,0.0,0.0,0.0,0.0,0.0,0.0,0.0,0.0,0.0,0.0,0.0,0.0,0.0,0.0,0.0,0.0,0.0,0.0,0.0,0.0,0.0,0.0,0.0,0.0,0.0,0.0,0.0,0.0,0.0,0.0
20250224_1367_sbom_data.json,0.0,0.0,0.0,0.0,0.0,0.0,0.0,0.0,0.0,0.0,0.0,0.0,0.0,0.0,0.0,0.0,0.0,0.0,0.0,0.0,0.0,0.0,0.0,0.0,0.027301467814755048,0.0,0.0,0.0,0.0,0.0,0.0,0.0,0.0,1.0,0.0,0.0,0.0,0.0,0.0,0.0,0.0,0.0,0.0,0.0,0.0,0.0,0.0,0.0,0.0,0.0,0.0,0.0,0.0,0.0,0.0,0.0,0.0,0.0,0.002110340318120475,0.0,0.0,0.0,0.0,0.0,0.0,0.0,0.0,0.0,0.0,0.0,0.0,0.0,0.0,0.0,0.0,0.0,0.0,0.0,0.0,0.0,0.0,0.0,0.0,0.0,0.0,0.0,0.0,0.0,0.0,0.0,0.0,0.0,0.0,0.0,0.0,0.0,0.0,0.0,0.0,0.0
20250226_632_sbom_data.json,0.02477270597942054,0.0,0.0,0.13257394165466524,0.1734447509085911,0.05618275370465308,0.17262223416045275,0.0,0.14716655625822816,0.018003183557700017,0.0,0.0,0.0,0.0,0.0,0.0,0.0,0.005068855632748149,0.07729711655376637,0.0,0.0,0.0,0.0,0.0,0.0,0.0,0.0,0.0,0.00447554736645356,0.002977599217313386,0.008907375129716804,0.007068115330809408,0.0,0.0,1.0,0.0,0.017786769356959515,0.0,0.12678138353930707,0.0,0.16923024735281955,0.0,0.0,0.001984148219950745,0.0,0.0,0.12726388826752066,0.0,0.0023533769044363374,0.012106289501147472,0.005845246183890994,0.0,0.0,0.0,0.0,0.0,0.0,0.06802360417984483,0.0,0.0,0.005153231931403951,0.0,0.0,0.0,0.0,0.0,0.07365881439301723,0.10675034835215629,0.026379227649483923,0.06541289208726267,0.0,0.0,0.0,0.00256484685224302,0.06718448008248219,0.08304580310121738,0.07961103359907666,0.0,0.0,0.0,0.0,0.0016568464706633438,0.0,0.0,0.021964214567175247,0.004202299808903098,0.024340213081855532,0.0,0.0,0.0,0.12423563131164267,0.0,0.02487774011884942,0.0674124573447103,0.016164670369831366,0.0,0.04819714790862546,0.0,0.005813043820264485,0.002177615515606491
20250325_132_sbom_data.json,0.0,0.0,0.0,0.0,0.0,0.0,0.0,0.0,0.0,0.0,0.0,0.0,0.0,0.0,0.0,0.0,0.0,0.0,0.0,0.0,0.0,0.0,0.0,0.0,0.0,0.0,0.0,0.0,0.0,0.0,0.0033850972249980377,0.0,0.0,0.0,0.0,1.0,0.0,0.0,0.0,0.0,0.0,0.0,0.0,0.0,0.0,0.0,0.002629423456944229,0.0,0.0,0.00687415481163893,0.0,0.0,0.0,0.0,0.0,0.0,0.0,0.0,0.0,0.0,0.1778288595149865,0.0,0.0,0.0,0.05061791815503973,0.0,0.0,0.0,0.0,0.0,0.0,0.0,0.0,0.0,0.0,0.0,0.0,0.0,0.0,0.0,0.0,0.0,0.0,0.0,0.0,0.0,0.0,0.0,0.0,0.0,0.0,0.0,0.0,0.0,0.0,0.0,0.002103530403166892,0.0,0.0,0.0
20250418_910_sbom_data.json,0.055195273038145885,0.0,0.004664428311283806,0.03398697977391058,0.031082420226573662,0.0446708827905748,0.016932400474808675,0.0,0.016638550456394917,0.008408189281283009,0.0,0.0,0.0,0.0,0.0,0.0,0.002268939083805074,0.07493676490534122,0.03786476091275585,0.0,0.0,0.0,0.0,0.021137694636312827,0.0,0.0,0.0,0.0,0.06633818128089346,0.06847712341420649,0.1422947347103892,0.0022797018181818073,0.0,0.0,0.017786769356959515,0.0,1.0,0.038379033071291015,0.005999008165366464,0.0,0.02362289967486801,0.0,0.0,0.07025894095020584,0.0,0.0,0.020694198133349034,0.0,0.0,0.02871950819346159,0.04166280801201737,0.0,0.0,0.0,0.0,0.0,0.003942163935519259,0.03843289548311658,0.0,0.0,0.0,0.0,0.0,0.0,0.0,0.0,0.018689757542516162,0.03451209945523818,0.05690875615404181,0.038894678007893674,0.0029575480499984164,0.0,0.0,0.04704170920891341,0.06752228060325348,0.03096568349683568,0.04626034162802619,0.0,0.0,0.0,0.0,0.015680714685283627,0.0,0.0,0.03287578539924279,0.02661829879215278,0.03725646372757679,0.0,0.0,0.0,0.026203359331637633,0.0,0.06202092404434572,0.06690499887969956,0.049633927446152346,0.0,0.017719983969157197,0.0,0.0699884996689749,0.05615186562378015
20250502_jumbo_13802_sbom_data.json,0.006999536848996571,0.0,0.0,0.002822787422788742,0.006698824973263569,0.0033595781093926492,0.0,0.0,0.0,0.0,0.0,0.0,0.0,0.0,0.0,0.0,0.0,0.002635259166041422,0.002365430271826064,0.0,0.0,0.0,0.0,0.0,0.0,0.0,0.0,0.0,0.002249107853899569,0.0025420981788839858,0.013351589004846091,0.0,0.0,0.0,0.0,0.0,0.038379033071291015,1.0,0.0,0.0,0.0050276982671289775,0.0,0.0,0.002558378140502315,0.0,0.0,0.003931429389387523,0.0,0.0,0.004295454516680371,0.04886745733862795,0.0,0.0,0.0,0.0,0.0,0.06280469134127882,0.0038511013145385215,0.0,0.0,0.0,0.0,0.0,0.0,0.0,0.0,0.0,0.003655385620491907,0.0065574770994751355,0.003014999416313963,0.0,0.0,0.0,0.0016802886034423539,0.005934561754554652,0.0017814147149222816,0.004261516170625916,0.0,0.0,0.0,0.0,0.0,0.0,0.0,0.0024807662117079183,0.0,0.0031625558022675667,0.0,0.0,0.0,0.0017757475430499397,0.0,0.010434499393850967,0.020275494967546232,0.0048621523799784756,0.0,0.0011630181409108427,0.0,0.0021935364294513003,0.004334504134327765
20250311_1388_sbom_data.json,0.01299021444149934,0.0,0.0,0.0474429044267147,0.023291232536164396,0.0010975507658516656,0.0,0.0,0.2607732562125046,0.0026017724627395824,0.0,0.0,0.0,0.0,0.0,0.0,0.0,0.0,0.0011719193382591683,0.0,0.0,0.0,0.0,0.07832606717873956,0.0,0.0,0.0,0.0,0.0,0.0,0.016545101222148757,0.0,0.0,0.0,0.12678138353930707,0.0,0.005999008165366464,0.0,1.0,0.0,0.0,0.0,0.0,0.0,0.0,0.0,0.0016320433992893782,0.0,0.0,0.06887502311282749,0.0,0.0,0.0,0.0,0.0,0.0,0.0,0.00764137472425936,0.0,0.0,0.014048295334707899,0.0,0.0,0.0,0.0,0.0,0.0,0.03510698499911475,0.015315714429056259,0.003045851448240923,0.011111491861136255,0.0,0.0,0.0,0.0015025511229148079,0.05562507023729323,0.000741486062613652,0.0,0.0,0.0,0.0,0.002958537025100885,0.0,0.0,0.07126931867596377,0.0,0.0,0.0,0.0,0.0,0.0020092931189583402,0.0,0.01424014678077391,0.040706389888527574,0.0,0.0,0.005443782249056405,0.0,0.01980533095385629,0.0
20250502_jumbo_9047_sbom_data.json,0.0,0.0,0.0,0.0,0.0,0.0,0.0,0.0,0.0,0.0,0.0,0.0,0.0,0.0,0.0,0.008265695879966017,0.0,0.0,0.0,0.0,0.0,0.0,0.0,0.0,0.0,0.0,0.0,0.0,0.0,0.0,0.0,0.0,0.0,0.0,0.0,0.0,0.0,0.0,0.0,1.0,0.0,0.0,0.0,0.0,0.0,0.007714986847622483,0.0,0.0,0.0,0.0,0.0,0.0,0.0,0.0,0.0,0.0,0.0,0.0,0.0,0.0,0.0,0.0,0.0,0.0,0.0,0.0,0.002211410414333123,0.0,0.0,0.0,0.0,0.0,0.0,0.0,0.0,0.0,0.0,0.0,0.0,0.0,0.008551852151797516,0.0,0.0,0.008265695879966017,0.0,0.0,0.0,0.0,0.0,0.012516014040323084,0.0,0.008143803912982375,0.0,0.0,0.0,0.00818204038708223,0.0,0.0,0.0,0.0
20250320_100_sbom_data.json,0.03214296588450075,0.0,0.0,0.19963060577608194,0.09789324913873744,0.0987897540796295,0.1499643710024596,0.0,0.019795742303445368,0.12426070988556037,0.0,0.0,0.0,0.0,0.0,0.0,0.0,0.013398873025767971,0.12147495187001867,0.0,0.0,0.0,0.0,0.0,0.0,0.0,0.0,0.0,0.011751699650213741,0.00983514455871362,0.028656462309865863,0.0,0.0,0.0,0.16923024735281955,0.0,0.02362289967486801,0.0050276982671289775,0.0,0.0,1.0,0.0,0.0,0.00988667877889228,0.0,0.0,0.19543821028835384,0.0,0.0,0.03968281183145188,0.019280241388710876,0.0,0.0,0.0,0.0,0.0,0.0,0.17322246400493188,0.0,0.0,0.0,0.0,0.0,0.0,0.0,0.0,0.21068074264156242,0.11322995784064561,0.041296433145648445,0.11266709006165107,0.004324433709237824,0.0,0.0,0.005709061388929323,0.06749742629884871,0.011303882908268302,0.06826536556767751,0.0,0.0,0.0,0.0,0.00427114075178092,0.0,0.0,0.0032629939981411323,0.012092633068826122,0.06225749171997785,0.0,0.0,0.0,0.15773213006437642,0.0,0.027824633307414755,0.07406199935523362,0.047704248630226154,0.0,0.11664081613917276,0.0,0.021504418717288924,0.0027320175987816764
20250330_99_sbom_data.json,0.0,0.0,0.0,0.0,0.0,0.0,0.0,0.0,0.0,0.0,0.0,0.0,0.0,0.0,0.0,0.0,0.0,0.0,0.0,0.0,0.0,0.0,0.0,0.0,0.0,0.0,0.0,0.0,0.0,0.0,0.0,0.0,0.0,0.0,0.0,0.0,0.0,0.0,0.0,0.0,0.0,1.0,0.0,0.0,0.0,0.0,0.0,0.0,0.0,0.0,0.0,0.0,0.0,0.0,0.0,0.0,0.0,0.0,0.0,0.0,0.0,0.0,0.0,0.0,0.0,0.0,0.0,0.0,0.0,0.0,0.0,0.0,0.0,0.0,0.0,0.0,0.0,0.0,0.0,0.0,0.0,0.0,0.0,0.0,0.0,0.0,0.0,0.0,0.0,0.0,0.0,0.0,0.0,0.0,0.0,0.0,0.0,0.0,0.0,0.0
20250310_824_sbom_data.json,0.0,0.0,0.0,0.0022237017949319916,0.0,0.0,0.0,0.0,0.0,0.0,0.0,0.0,0.0,0.0,0.0,0.0,0.0,0.0,0.0,0.0,0.0,0.0,0.0,0.0,0.0,0.0,0.03516318716322355,0.0,0.0,0.0,0.0,0.0,0.0,0.0,0.0,0.0,0.0,0.0,0.0,0.0,0.0,0.0,1.0,0.0,0.0,0.0,0.0,0.0,0.0,0.0,0.0,0.0,0.036151162758661516,0.0,0.0,0.0,0.0,0.0,0.0,0.0,0.0,0.0,0.0,0.0,0.0,0.0,0.0,0.0,0.0,0.0,0.0,0.0,0.0,0.0,0.0,0.0,0.0,0.0,0.0,0.0,0.0,0.0,0.0,0.0,0.0,0.0,0.0,0.0,0.0,0.0,0.0,0.0,0.0,0.0,0.0,0.0,0.0,0.0,0.0,0.0
20250315_1221_sbom_data.json,0.13839186022996042,0.0,0.0013058881342038024,0.05018321775546944,0.0922675974902413,0.44079790831603743,0.001018771602523592,0.0,0.0012882470371543611,0.002015563894896355,0.0,0.0,0.0,0.0,0.0,0.0,0.0060330790011399495,0.9261664526778326,0.36037603062005724,0.0,0.0,0.0,0.0,0.0,0.0,0.0,0.0,0.0,0.8038020052045601,0.8686659586313589,0.1959549118251856,0.0017891134818834625,0.0,0.0,0.001984148219950745,0.0,0.07025894095020584,0.002558378140502315,0.0,0.0,0.00988667877889228,0.0,0.0,1.0,0.0,0.0,0.07134666359187218,0.0,0.0,0.0729024911007083,0.02174536699538406,0.0,0.0,0.0,0.0,0.0,0.0029017275696061814,0.18315129169075844,0.0,0.0,0.0,0.0,0.0,0.0,0.0,0.0,0.16456568669698338,0.03484104308048565,0.19151152458713366,0.1726554540860447,0.002882442153715719,0.0014285300590527964,0.0,0.1926544287074461,0.23945834602515434,0.05235843708942362,0.3490272515617658,0.0,0.0,0.0,0.0,0.033890119212435184,0.0,0.0,0.1067415561811445,0.11284680257634143,0.014932210665917413,0.0,0.0,0.0,0.25627069980317463,0.0,0.13394727528419476,0.3431310406279973,0.09475853199045409,0.0,0.03635377745404934,0.0,0.7977879801624079,0.08590870835745178
20250408_221_sbom_data.json,0.0,0.0,0.0,0.0,0.0,0.0,0.0,0.0,0.0,0.0,0.0,0.0,0.0,0.0,0.0,0.0,0.0,0.0,0.0,0.0,0.0,0.0,0.0,0.0,0.0,0.0,0.0,0.0,0.0,0.0,0.0,0.0,0.0,0.0,0.0,0.0,0.0,0.0,0.0,0.0,0.0,0.0,0.0,0.0,1.0,0.0,0.0,0.0,0.0,0.0,0.0,0.0,0.0,0.0,0.0,0.03870451033508797,0.0,0.0,0.0,0.0,0.0,0.0,0.0,0.0,0.0,0.0,0.0,0.0,0.0,0.0,0.0,0.0,0.0,0.0,0.0,0.0,0.0,0.0,0.0,0.0,0.0,0.0,0.0,0.0,0.0,0.0,0.0,0.0,0.0,0.0,0.0,0.0,0.0,0.0,0.0,0.0,0.0,0.0,0.0,0.0
20250303_1483_sbom_data.json,0.0,0.0,0.0,0.0,0.0,0.0,0.0,0.0,0.0,0.0,0.0,0.0,0.0,0.0,0.0,0.9089749720972083,0.0,0.0,0.0,0.0,0.0,0.0,0.0,0.0,0.0,0.0,0.0,0.0,0.0,0.0,0.0,0.0,0.0,0.0,0.0,0.0,0.0,0.0,0.0,0.007714986847622483,0.0,0.0,0.0,0.0,0.0,1.0,0.0,0.0,0.0,0.0,0.0,0.0,0.0,0.0,0.0,0.0,0.0,0.0,0.0,0.0,0.0,0.0,0.0,0.0,0.0,0.0,0.017122943022296222,0.0,0.0,0.0,0.0,0.0,0.0,0.0,0.0,0.0,0.0,0.0,0.0,0.0,0.06397192800120671,0.0,0.0,0.9089749720972083,0.0,0.0,0.0,0.0,0.0,0.06254438508968012,0.0,0.10550703831534873,0.0,0.0,0.0,0.9189482727149024,0.0,0.0,0.0,0.0
20250323_91_sbom_data.json,0.05729670885147343,0.0,0.001749788104791021,0.1482951646552165,0.0882241189306933,0.1641881804124031,0.2308785978715879,0.0,0.03512737050837746,0.09631764349050248,0.0,0.0,0.0,0.0,0.0,0.0,0.0,0.07351574424348474,0.20125396748960944,0.0,0.0,0.0,0.0,0.0,0.0,0.0,0.0,0.0,0.06642956024285358,0.06838300048631614,0.10354770792229462,0.0,0.0,0.0,0.12726388826752066,0.002629423456944229,0.020694198133349034,0.003931429389387523,0.0016320433992893782,0.0,0.19543821028835384,0.0,0.0,0.07134666359187218,0.0,0.0,1.0,0.0,0.0,0.032012633549243975,0.02011490896385898,0.0,0.0,0.0,0.0,0.0,0.0040446023320305285,0.11492139567343859,0.0,0.0,0.0,0.0,0.0,0.0,0.004858571707742204,0.0,0.10482364992424302,0.13083681946084574,0.04992115477990163,0.27124842640564123,0.0017725636503695245,0.0,0.0,0.009189551763112844,0.1652598880371054,0.010701390306203073,0.11389100559966951,0.0,0.0,0.0,0.0,0.0010675565148149963,0.0,0.0,0.00602578962417282,0.012409253346443386,0.053634825083754764,0.0,0.0,0.0,0.20666012947092777,0.0,0.03731242161241916,0.1675832830467928,0.042045271704416756,0.0,0.1465330113752446,0.0,0.07787799988403905,0.002867544642518705
20250502_jumbo_7959_sbom_data.json,0.0018951337284974859,0.09331044178835575,0.0,0.0,0.0,0.0,0.0,0.0,0.0,0.0,0.0,0.0,0.0,0.0,0.05602179298113284,0.0,0.027743437266353217,0.0,0.0,0.0,0.05832164876075516,0.0,0.0,0.0,0.09268906408098,0.0,0.0,0.0,0.0,0.0,0.0,0.0,0.0,0.0,0.0,0.0,0.0,0.0,0.0,0.0,0.0,0.0,0.0,0.0,0.0,0.0,0.0,1.0,0.0,0.0,0.0,0.0,0.0,0.0,0.0,0.0,0.0,0.0,0.005220898074395343,0.0,0.0,0.0,0.0,0.0,0.0,0.0,0.0,0.0,0.0029195540697961766,0.0,0.0,0.0,0.0,0.0,0.0,0.0,0.0,0.0,0.0,0.0,0.0,0.0,0.0,0.0,0.0,0.0,0.0,0.0,0.0,0.0,0.0,0.0,0.0,0.0,0.0016737496706115248,0.0,0.0,0.07093339906709288,0.0,0.0
20250419_1455_sbom_data.json,0.0017276925213148037,0.0,0.0,0.0,0.0014880677299663175,0.0,0.002161311177742869,0.0,0.0036400705152531744,0.002107988150268515,0.0,0.0,0.0,0.0,0.0,0.0,0.0,0.0,0.0,0.0,0.0,0.0,0.0,0.0,0.0,0.0,0.0,0.0,0.0,0.0,0.0,0.0,0.0,0.0,0.0023533769044363374,0.0,0.0,0.0,0.0,0.0,0.0,0.0,0.0,0.0,0.0,0.0,0.0,0.0,1.0,0.0,0.001362454230182958,0.0,0.0,0.0,0.0,0.0,0.0,0.0010682804893615892,0.0,0.0,0.0,0.0,0.0,0.0,0.0,0.0,0.0,0.0,0.0,0.0,0.0,0.0,0.0,0.34126237665241854,0.0013318795642859572,0.0015214836285727211,0.0007030419460312984,0.0,0.0,0.0,0.0,0.4824635286558743,0.0,0.0,0.004407523421302856,0.0,0.0,0.0,0.0,0.0,0.0008363153125548106,0.0,0.0018703960944370741,0.000703771075118924,0.0,0.0,0.001079146079618103,0.0,0.0009961433322511393,0.003685329739062706
20250316_1292_sbom_data.json,0.02953236745774978,0.0,0.0,0.025552917940334725,0.014627923098797636,0.02265038846452463,0.00390679796531312,0.0,0.0,0.08949006080206555,0.0,0.0,0.0,0.0,0.0,0.0,0.012400366993762093,0.0663003509864173,0.025514826638820185,0.0,0.0,0.0,0.0,0.03199826969691361,0.0,0.0,0.0,0.0,0.09343972833950402,0.0854302298390036,0.1033235091254744,0.0,0.0,0.0,0.012106289501147472,0.00687415481163893,0.02871950819346159,0.004295454516680371,0.06887502311282749,0.0,0.03968281183145188,0.0,0.0,0.0729024911007083,0.0,0.0,0.032012633549243975,0.0,0.0,1.0,0.02441979709980429,0.0,0.0,0.0,0.0,0.0,0.0,0.05412861658382949,0.0,0.0,0.0,0.0,0.0,0.0,0.006407367770948111,0.0,0.04099086015915755,0.01925043825741765,0.030320833157659304,0.024722663157920256,0.0,0.0,0.0,0.0042645680774066105,0.0664634628964811,0.03942836288246483,0.03472842994600374,0.0,0.0,0.0,0.0,0.021494664658583938,0.0,0.0,0.20485617586839147,0.0024406392041298242,0.01033643592010768,0.0,0.0,0.0,0.02075288744103793,0.0,0.027038654225468164,0.039830861738591,0.08954530644141097,0.0,0.030935727418339998,0.0,0.10702995424552432,0.05915518270023812
20250308_1092_sbom_data.json,0.027008972490727225,0.0,0.002519982310390634,0.044311978120216325,0.02156963573576033,0.03636808097496076,0.029902785646175926,0.0,0.01926334762582804,0.01540878110698454,0.0,0.0,0.0,0.0,0.0,0.0,0.0,0.02376230715464986,0.03238047770154112,0.0,0.0,0.0,0.0,0.0,0.0,0.0,0.0,0.0,0.024853363095919675,0.020444624814741318,0.06015572540974494,0.00412474607848146,0.0,0.0,0.005845246183890994,0.0,0.04166280801201737,0.04886745733862795,0.0,0.0,0.019280241388710876,0.0,0.0,0.02174536699538406,0.0,0.0,0.02011490896385898,0.0,0.001362454230182958,0.02441979709980429,1.0,0.0,0.0,0.0,0.0,0.0,0.005570572965501629,0.04296005185428322,0.0,0.0,0.0,0.0,0.0,0.0,0.0,0.0,0.029711870922166185,0.05222062854038728,0.025440986980891457,0.033856688362830865,0.0,0.0,0.0,0.03736873351717757,0.02677167856035022,0.018205079685294542,0.03947828010985319,0.0,0.0,0.0,0.0,0.021473318450272262,0.0,0.0,0.026714802298816214,0.011006568241502297,0.03063028164918367,0.0,0.0,0.0,0.03222595322771227,0.0,0.03869731867021945,0.05044360707637946,0.03281016734275542,0.0,0.03144842409155464,0.0,0.025709748250729633,0.013163947305524412
20250308_1329_sbom_data.json,0.0,0.0,0.0,0.0,0.0,0.0,0.0,0.0,0.0,0.0,0.0,0.0,0.0,0.0,0.0,0.0,0.0,0.0,0.0,0.0,0.0,0.11391269488223105,0.0,0.0,0.0,0.0,0.0,0.0,0.0,0.0,0.0,0.0,0.060898774677737216,0.0,0.0,0.0,0.0,0.0,0.0,0.0,0.0,0.0,0.0,0.0,0.0,0.0,0.0,0.0,0.0,0.0,0.0,1.0,0.0,0.0,0.0,0.0,0.0,0.0,0.0,0.03652975903234572,0.0,0.0,0.0,0.0,0.0,0.0,0.0,0.0,0.0,0.0,0.0,0.0,0.0,0.0,0.0,0.0,0.0,0.0,0.0,0.0,0.0,0.0,0.0,0.0,0.0,0.0,0.0,0.0,0.0,0.0,0.0,0.0,0.0,0.0,0.0,0.0,0.0,0.0,0.0,0.0
20250502_jumbo_2331_sbom_data.json,0.0,0.0,0.0,0.02696445733253704,0.0,0.0,0.0,0.0,0.0,0.0,0.0,0.0,0.0,0.0,0.0,0.0,0.0,0.0,0.0,0.0,0.0,0.0,0.0,0.0,0.0,0.0,0.03638574711020691,0.0,0.0,0.0,0.0,0.0,0.0,0.0,0.0,0.0,0.0,0.0,0.0,0.0,0.0,0.0,0.036151162758661516,0.0,0.0,0.0,0.0,0.0,0.0,0.0,0.0,0.0,1.0,0.0,0.0,0.037419824714953434,0.0,0.0,0.0,0.0,0.0,0.0,0.0,0.0,0.0,0.0,0.0,0.0,0.0,0.0,0.0,0.0,0.0,0.0,0.0,0.0,0.0,0.0,0.0,0.02758057066787886,0.0,0.0,0.0,0.0,0.0,0.0,0.0,0.0,0.0,0.0,0.0,0.0,0.0,0.0,0.0,0.0,0.0,0.0,0.0,0.0
20250405_877_sbom_data.json,0.0,0.0,0.0,0.0,0.0,0.0,0.0,0.0,0.0,0.0,0.0,0.0,0.0,0.0,0.0,0.0,0.0,0.0,0.0,0.0,0.0,0.0,0.0,0.0,0.0,0.0,0.0,0.0,0.0,0.0,0.0,0.0,0.0,0.0,0.0,0.0,0.0,0.0,0.0,0.0,0.0,0.0,0.0,0.0,0.0,0.0,0.0,0.0,0.0,0.0,0.0,0.0,0.0,1.0,0.0,0.0,0.0,0.0,0.0,0.0,0.0,0.0,0.0,0.0,0.0,0.0,0.0,0.0,0.0,0.0,0.0,0.0,0.0,0.0,0.0,0.0,0.0,0.0,0.14434028976989666,0.0,0.0,0.0,0.0,0.0,0.0,0.0,0.0,0.0,0.0,0.0,0.0,0.0,0.0033222385847469504,0.0,0.0,0.0,0.0,0.0,0.0,0.0
20250411_217_sbom_data.json,0.0,0.0,0.0,0.0,0.0,0.0,0.0,0.0,0.0,0.0,0.0,0.0,0.0,0.0,0.0,0.0,0.0,0.0,0.0,0.0,0.0,0.0,0.0,0.0,0.0,0.0,0.0,0.0,0.0,0.0,0.0,0.0,0.0,0.0,0.0,0.0,0.0,0.0,0.0,0.0,0.0,0.0,0.0,0.0,0.0,0.0,0.0,0.0,0.0,0.0,0.0,0.0,0.0,0.0,1.0,0.0,0.0,0.0,0.0,0.0,0.0,0.0,0.0,0.0,0.0,0.0,0.0,0.0,0.0,0.0,0.0,0.0,0.0,0.0,0.0,0.0,0.0,0.0,0.0,0.0,0.0,0.0,0.0,0.0,0.0,0.0,0.0,0.0,0.0,0.0,0.0,0.0,0.0,0.0,0.0,0.0,0.0,0.0,0.0,0.0
20250426_1545_sbom_data.json,0.0,0.0,0.0,0.011855130165216223,0.0,0.0,0.0,0.0,0.0,0.0,0.0,0.0,0.0,0.0,0.0,0.0,0.0,0.0,0.0,0.0,0.0,0.0,0.0,0.0,0.0,0.0,0.0,0.0,0.0,0.0,0.0,0.0,0.0,0.0,0.0,0.0,0.0,0.0,0.0,0.0,0.0,0.0,0.0,0.0,0.03870451033508797,0.0,0.0,0.0,0.0,0.0,0.0,0.0,0.037419824714953434,0.0,0.0,1.0,0.0,0.0,0.0,0.0,0.0,0.0,0.0,0.0,0.0,0.0,0.0,0.0,0.0,0.0,0.0,0.0,0.0,0.0,0.0,0.0,0.0,0.0,0.0,0.04402134891309443,0.0,0.0,0.0,0.0,0.0,0.0,0.0,0.0,0.0,0.0,0.0,0.0,0.0,0.0,0.0,0.0,0.0,0.0,0.0,0.0
20250329_448_sbom_data.json,0.001482176681348445,0.0,0.021319547754618143,0.0,0.0026400538064884115,0.0011341815735343838,0.009697294338498816,0.0,0.0,0.0,0.0,0.0,0.0,0.0,0.0,0.0,0.0,0.0055713038633917016,0.0012172997937879963,0.0,0.0,0.0,0.0,0.0,0.0,0.0,0.0,0.0,0.0033379101594642477,0.0012983316391076483,0.0,0.0,0.0,0.0,0.0,0.0,0.003942163935519259,0.06280469134127882,0.0,0.0,0.0,0.0,0.0,0.0029017275696061814,0.0,0.0,0.0040446023320305285,0.0,0.0,0.0,0.005570572965501629,0.0,0.0,0.0,0.0,0.0,1.0,0.0017415278490503898,0.0,0.0,0.0,0.0,0.0603783737519549,0.0,0.07111877362550871,0.0,0.0,0.0012902412699791943,0.0,0.0031436622526307906,0.0,0.0,0.051158780877020894,0.0,0.0020844370151650343,0.008386694503584702,0.0040441992217639345,0.0,0.0,0.0,0.0,0.0,0.0603783737519549,0.0,0.0030202971529604866,0.0,0.0,0.0,0.0603783737519549,0.0,0.0033330772093368415,0.0,0.0,0.007589923685770473,0.001311969816350416,0.0,0.0038150941564414663,0.0,0.006059297763159518,0.005375797838354568
20250412_1423_sbom_data.json,0.10773499822734081,0.0,0.0,0.26640103814933,0.13639121391623282,0.37686313993509046,0.17080820455332257,0.0,0.042240535943768566,0.059039220964497326,0.0,0.0,0.0,0.0,0.0,0.0,0.0023979881506116787,0.18708756849383995,0.431681038901406,0.0,0.0,0.0,0.0,0.0011961580796371644,0.0,0.0,0.0,0.0,0.16386269178126223,0.17960796775937998,0.06333401554816258,0.0030055112876756955,0.0,0.0,0.06802360417984483,0.0,0.03843289548311658,0.0038511013145385215,0.00764137472425936,0.0,0.17322246400493188,0.0,0.0,0.18315129169075844,0.0,0.0,0.11492139567343859,0.0,0.0010682804893615892,0.05412861658382949,0.04296005185428322,0.0,0.0,0.0,0.0,0.0,0.0017415278490503898,1.0,0.0,0.0,0.0,0.0,0.0017900416328125875,0.0,0.0,0.0,0.4388662327194843,0.18560871973112344,0.1272673652743221,0.1337543473697255,0.0039179873826963646,0.0,0.0017805285294772181,0.1776617520673182,0.1525134151412016,0.03283343006878423,0.3031209051844898,0.0,0.0,0.0,0.0,0.022857337703077206,0.0017900416328125875,0.0,0.05538748675772451,0.08514144001407736,0.0801785685466734,0.0,0.0017900416328125875,0.0,0.34080983787050023,0.0,0.10377783105376263,0.2810239801505506,0.09839623598686097,0.0,0.15689144913602243,0.0,0.18417010057630293,0.021974276265003114
20250502_jumbo_6624_sbom_data.json,0.0,0.0,0.0,0.0,0.0,0.0,0.0,0.0,0.0,0.0,0.0,0.0,0.0,0.0,0.0,0.0,0.0,0.0,0.0,0.0020897536025495855,0.0,0.0,0.0,0.0,0.004433987876851411,0.010081282043571957,0.0,0.0,0.0,0.0,0.0,0.0,0.0,0.002110340318120475,0.0,0.0,0.0,0.0,0.0,0.0,0.0,0.0,0.0,0.0,0.0,0.0,0.0,0.005220898074395343,0.0,0.0,0.0,0.0,0.0,0.0,0.0,0.0,0.0,0.0,1.0,0.0,0.0,0.0,0.0,0.0,0.0,0.0020958518095964746,0.0,0.0,0.0,0.0,0.0,0.0,0.0,0.0,0.0,0.0,0.0,0.0,0.0,0.0,0.0,0.0,0.0,0.0,0.0,0.0,0.0,0.0,0.0,0.0,0.0,0.0,0.0,0.0,0.0,0.0,0.0,0.0,0.0,0.0
20250326_674_sbom_data.json,0.0,0.0,0.0,0.0,0.0,0.0,0.0,0.0,0.0,0.0,0.0,0.0,0.0,0.0,0.0,0.0,0.0,0.0,0.0,0.0,0.0,0.04035177584663231,0.0,0.0,0.0,0.0,0.0,0.0,0.0,0.0,0.0,0.0,0.06908295991082491,0.0,0.0,0.0,0.0,0.0,0.0,0.0,0.0,0.0,0.0,0.0,0.0,0.0,0.0,0.0,0.0,0.0,0.0,0.03652975903234572,0.0,0.0,0.0,0.0,0.0,0.0,0.0,1.0,0.0,0.0,0.0,0.0,0.0,0.0,0.0,0.0,0.0,0.0,0.0,0.0,0.0,0.0,0.0,0.0,0.0,0.0,0.0,0.0,0.0,0.0,0.0,0.0,0.0,0.0,0.0,0.0,0.0,0.0,0.0,0.0,0.0,0.0,0.0,0.0,0.0,0.0,0.0,0.0
20250427_65_sbom_data.json,0.00206955630898322,0.0,0.0,0.0017417457116959973,0.00258953488271864,0.0,0.0,0.0,0.012941743251480802,0.0,0.0,0.0,0.0,0.0,0.0,0.0,0.0,0.0,0.0,0.0,0.0,0.0,0.0,0.0,0.0,0.0,0.0,0.0,0.0018121871547931872,0.0,0.0,0.0,0.0,0.0,0.005153231931403951,0.1778288595149865,0.0,0.0,0.014048295334707899,0.0,0.0,0.0,0.0,0.0,0.0,0.0,0.0,0.0,0.0,0.0,0.0,0.0,0.0,0.0,0.0,0.0,0.0,0.0,0.0,0.0,1.0,0.0,0.0,0.0,0.0,0.0,0.0,0.0024318248222942713,0.00249085202677527,0.0,0.0,0.0,0.0,0.0,0.0,0.002668842706386774,0.0,0.0,0.0,0.0,0.0,0.0,0.0,0.0,0.0035226429615596547,0.0,0.0,0.0,0.0,0.0,0.0,0.0,0.002293838569527172,0.0010325745344158365,0.0,0.0,0.001947662119915515,0.0,0.0,0.0
20250323_832_sbom_data.json,0.0,0.0,0.0,0.0,0.0,0.0,0.0,0.0,0.0,0.0,0.0,0.0,0.0,0.0,0.0,0.0,0.0,0.0,0.0,0.0,0.0,0.0,0.0,0.0,0.02851895273217188,0.0,0.0,0.0,0.0,0.0,0.0,0.0,0.0,0.0,0.0,0.0,0.0,0.0,0.0,0.0,0.0,0.0,0.0,0.0,0.0,0.0,0.0,0.0,0.0,0.0,0.0,0.0,0.0,0.0,0.0,0.0,0.0,0.0,0.0,0.0,0.0,1.0,0.0,0.0,0.0,0.0,0.0,0.0,0.0024708806587219554,0.0,0.0,0.0,0.0,0.0,0.0,0.0,0.0,0.0,0.0,0.0,0.0,0.0,0.0,0.0,0.0,0.0,0.0,0.0,0.0,0.0,0.0,0.0,0.0,0.0,0.0,0.0,0.0,0.14098567362247774,0.0,0.0
20250210_1258_sbom_data.json,0.0,0.0,0.0,0.0,0.0027531679946851627,0.0,0.0,0.0,0.0,0.0,0.0,0.0,0.0,0.0,0.0,0.0,0.0,0.0,0.0,0.0,0.0,0.0,0.0,0.0,0.0,0.0,0.0,0.0,0.0,0.0,0.0,0.0,0.0,0.0,0.0,0.0,0.0,0.0,0.0,0.0,0.0,0.0,0.0,0.0,0.0,0.0,0.0,0.0,0.0,0.0,0.0,0.0,0.0,0.0,0.0,0.0,0.0603783737519549,0.0017900416328125875,0.0,0.0,0.0,0.0,1.0,0.0,0.0,0.0,0.0,0.0,0.0,0.0,0.0,0.0,0.2509558270904329,0.0,0.0,0.0,0.0,0.0,0.0,0.0,0.0,0.0,1.0,0.0,0.0,0.0,0.0,0.0,1.0,0.0,0.0013319246256141234,0.0,0.0,0.0,0.0,0.0,0.0,0.0,0.0,0.0
20250418_1115_sbom_data.json,0.0,0.0,0.0,0.0,0.0,0.0,0.0,0.0,0.0,0.0,0.0,0.16182941141425927,0.2960249868021251,0.0,0.0,0.0,0.0,0.0,0.0,0.0,0.0,0.0,0.0,0.0,0.0,0.0,0.12905588287524863,0.0,0.0,0.0,0.0,0.0,0.0,0.0,0.0,0.0,0.0,0.0,0.0,0.0,0.0,0.0,0.0,0.0,0.0,0.0,0.0,0.0,0.0,0.0,0.0,0.0,0.0,0.0,0.0,0.0,0.0,0.0,0.0,0.0,0.0,0.0,0.0,1.0,0.0,0.0,0.0,0.0,0.0,0.0,0.0,0.0,0.0,0.0,0.0,0.0,0.0,0.0,0.0,0.0,0.0,0.0,0.0,0.0,0.0,0.0,0.0,0.0,0.0,0.0,0.0,0.0,0.0,0.0,0.0,0.0,0.0,0.0,0.0,0.0
20250216_1131_sbom_data.json,0.0,0.0,0.0,0.0,0.0,0.0,0.016144976708028284,0.0,0.0,0.0,0.0,0.0,0.0,0.0,0.0,0.0,0.0,0.0,0.0,0.0,0.0,0.0,0.0,0.0,0.0,0.0,0.0,0.0,0.0,0.0,0.00662104892661643,0.0,0.0,0.0,0.0,0.05061791815503973,0.0,0.0,0.0,0.0,0.0,0.0,0.0,0.0,0.0,0.0,0.004858571707742204,0.0,0.0,0.006407367770948111,0.0,0.0,0.0,0.0,0.0,0.0,0.07111877362550871,0.0,0.0,0.0,0.0,0.0,0.0,0.0,1.0,0.0,0.0,0.0,0.0,0.0017789862409817165,0.0,0.0,0.0,0.0,0.0020872938539075914,0.002826690694153056,0.0,0.0,0.0,0.0,0.0,0.0,0.0,0.0,0.003244126147464789,0.0,0.0,0.0,0.0,0.0,0.0,0.0,0.0,0.003074093574031944,0.0,0.0,0.012503096181419465,0.0,0.0016641902077380005,0.0
20250502_jumbo_11496_sbom_data.json,0.0,0.0,0.0,0.0,0.0,0.0,0.0,0.0,0.0,0.0,0.0,0.0,0.0,0.0,0.0,0.0,0.0,0.0,0.0,0.41800010750673877,0.0,0.0,0.0,0.0,0.0,0.16900184222238543,0.0,0.0,0.0,0.0,0.0,0.0,0.0,0.0,0.0,0.0,0.0,0.0,0.0,0.0,0.0,0.0,0.0,0.0,0.0,0.0,0.0,0.0,0.0,0.0,0.0,0.0,0.0,0.0,0.0,0.0,0.0,0.0,0.0020958518095964746,0.0,0.0,0.0,0.0,0.0,0.0,1.0,0.0,0.0,0.0,0.0,0.0,0.0,0.0,0.0,0.0,0.0,0.0,0.0,0.0,0.0,0.0,0.0,0.0,0.0,0.0,0.0,0.0,0.0,0.0,0.0,0.0,0.0,0.0,0.0,0.0,0.0,0.0,0.0,0.0,0.0
20250214_449_sbom_data.json,0.0882229844439064,0.0,0.0023431009773797425,0.2627731675942693,0.14917756673553112,0.38780643379219876,0.2073684208265942,0.0,0.011742295062914411,0.06385138142164773,0.0,0.0,0.0,0.0,0.0,0.017391906889208598,0.001513474237657024,0.16982373440878498,0.4246205746011441,0.0,0.0,0.0,0.0,0.0015506662594798155,0.0,0.0,0.0,0.0,0.13942635630947348,0.1544577881367315,0.032703619871439035,0.0,0.0,0.0,0.07365881439301723,0.0,0.018689757542516162,0.0,0.0,0.002211410414333123,0.21068074264156242,0.0,0.0,0.16456568669698338,0.0,0.017122943022296222,0.10482364992424302,0.0,0.0,0.04099086015915755,0.029711870922166185,0.0,0.0,0.0,0.0,0.0,0.0,0.4388662327194843,0.0,0.0,0.0,0.0,0.0,0.0,0.0,0.0,1.0,0.1738542969068175,0.15924415344011994,0.11263413233109303,0.0015957671087683033,0.0,0.0,0.1907989547766893,0.10914628928363694,0.015658035580565752,0.2852791238054127,0.0,0.0,0.0,0.035209958820088996,0.00527956571689272,0.0,0.017391906889208598,0.025970347044866355,0.08357805263045393,0.04487776376434263,0.0,0.0,0.04267469266073668,0.3206796150863045,0.08207814217890252,0.08537485009373282,0.27468289017338726,0.0642534408497756,0.01735286484519768,0.16872234969216662,0.0,0.16008695832842337,0.007639514090836795
20250307_82_sbom_data.json,0.05829635921197339,0.0,0.004101246434465287,0.2278123228426779,0.09025115513623175,0.15760486847821395,0.15004086095470437,0.0,0.06081364010376797,0.05712037115594725,0.0,0.0,0.0,0.0,0.0,0.0,0.0024143468598118835,0.036908420039594485,0.17195026917509929,0.0,0.0,0.0,0.0,0.0031852616502628527,0.0,0.0,0.0,0.0,0.03664059520409388,0.03600764200485756,0.052819511949855326,0.001722280193086648,0.0,0.0,0.10675034835215629,0.0,0.03451209945523818,0.003655385620491907,0.03510698499911475,0.0,0.11322995784064561,0.0,0.0,0.03484104308048565,0.0,0.0,0.13083681946084574,0.0,0.0,0.01925043825741765,0.05222062854038728,0.0,0.0,0.0,0.0,0.0,0.0012902412699791943,0.18560871973112344,0.0,0.0,0.0024318248222942713,0.0,0.0,0.0,0.0,0.0,0.1738542969068175,1.0,0.06082114820766247,0.07708140870551913,0.0018480542054696355,0.0,0.0,0.06810922607908701,0.04419849319715278,0.030237493693579056,0.1576458284286319,0.0,0.0,0.0,0.0,0.007286346933366946,0.0,0.0,0.015369927747726768,0.021331751382897685,0.10360656355921523,0.0,0.0,0.0,0.1833155423820624,0.0,0.05410282112521189,0.17453542338848152,0.06731350505400843,0.0,0.14545681597249613,0.0,0.046535178003985704,0.006310091294912426
20250502_jumbo_14282_sbom_data.json,0.4996053530987668,0.0,0.0,0.20342019887406212,0.08825486495881424,0.11520797905052733,0.012691351292851432,0.0,0.03626178219648909,0.039307219252377214,0.0,0.0,0.0,0.0,0.0,0.0,0.0034791908342363762,0.19515629719522293,0.12773642499392787,0.0,0.0,0.0,0.0,0.0090869084795315,0.007220116076049672,0.003098044602439431,0.0,0.0,0.1626053345344467,0.18359334538461505,0.14142467968020517,0.05419425127602741,0.0,0.0,0.026379227649483923,0.0,0.05690875615404181,0.0065574770994751355,0.015315714429056259,0.0,0.041296433145648445,0.0,0.0,0.19151152458713366,0.0,0.0,0.04992115477990163,0.0029195540697961766,0.0,0.030320833157659304,0.025440986980891457,0.0,0.0,0.0,0.0,0.0,0.0,0.1272673652743221,0.0,0.0,0.00249085202677527,0.0024708806587219554,0.0,0.0,0.0,0.0,0.15924415344011994,0.06082114820766247,1.0,0.056677010294142405,0.0021960902557152883,0.0,0.0,0.14581626375921783,0.0829567757233832,0.031334186094848546,0.11625437223758675,0.0,0.0,0.0,0.0,0.020562087970905602,0.0,0.0,0.04961665480349591,0.11741781564549383,0.03793868481171412,0.0,0.0,0.0,0.08925754829642915,0.0,0.485045800336812,0.10741925918039258,0.0988544538952559,0.0,0.029627968458140537,0.013350669554879397,0.19487408386132554,0.028351776548580596
20250308_194_sbom_data.json,0.0665589151119288,0.0,0.0034537569428115334,0.09359382204854556,0.06971614632933494,0.2638054103369824,0.0664433452809952,0.0,0.018880502247135812,0.036180282354472224,0.0,0.0,0.0,0.0,0.0,0.0,0.0013003036168207933,0.17779000384379864,0.2437162588008613,0.0,0.0,0.0,0.0,0.0013392045639511391,0.0,0.0,0.0,0.0,0.1609087967062115,0.1681980881496103,0.15489357192963077,0.0013285488085775842,0.0,0.0,0.06541289208726267,0.0,0.038894678007893674,0.003014999416313963,0.003045851448240923,0.0,0.11266709006165107,0.0,0.0,0.1726554540860447,0.0,0.0,0.27124842640564123,0.0,0.0,0.024722663157920256,0.033856688362830865,0.0,0.0,0.0,0.0,0.0,0.0031436622526307906,0.1337543473697255,0.0,0.0,0.0,0.0,0.0,0.0,0.0017789862409817165,0.0,0.11263413233109303,0.07708140870551913,0.056677010294142405,1.0,0.004390147037208181,0.0,0.0,0.035814402020739315,0.5231096744124051,0.019687663044321985,0.2002879550401417,0.0,0.0,0.0,0.0,0.006415237395304892,0.0,0.0,0.057982810818638646,0.06281245453879954,0.04791240471617421,0.0,0.0,0.0,0.1881519152090145,0.0,0.05019667934751921,0.20307286813541472,0.07011463273295958,0.0,0.04165011524890718,0.0,0.16721548981158832,0.03203823906142579
20250404_1683_sbom_data.json,0.0018323099851889032,0.0,0.0,0.0012659200413406436,0.0022808616412197144,0.0036522331465634727,0.0,0.0,0.0,0.003046716614697314,0.0,0.0,0.0,0.0,0.0,0.0,0.0,0.002970503132503775,0.0012304853005019598,0.0,0.0,0.0,0.0,0.02748165421304445,0.0,0.0,0.0,0.0,0.002529059933971589,0.0028638057430811757,0.0027694182771128826,0.0,0.0,0.0,0.0,0.0,0.0029575480499984164,0.0,0.011111491861136255,0.0,0.004324433709237824,0.0,0.0,0.002882442153715719,0.0,0.0,0.0017725636503695245,0.0,0.0,0.0,0.0,0.0,0.0,0.0,0.0,0.0,0.0,0.0039179873826963646,0.0,0.0,0.0,0.0,0.0,0.0,0.0,0.0,0.0015957671087683033,0.0018480542054696355,0.0021960902557152883,0.004390147037208181,1.0,0.0,0.0,0.0,0.0035274789288235646,0.0023488692026368916,0.001646201187907841,0.0,0.0,0.0,0.0,0.0,0.0,0.0,0.0030743041606468274,0.0,0.0,0.0,0.0,0.0,0.0009206168369062783,0.0,0.0020263525079252894,0.0033347588944841883,0.0,0.0,0.0012445749706805175,0.0,0.0038540269939366673,0.0
20250214_1123_sbom_data.json,0.0,0.0,0.0,0.0,0.0,0.0012353689347547494,0.0,0.0,0.0,0.0,0.0,0.0,0.0,0.0,0.0,0.0,0.0,0.0014732030233564515,0.001328234447074803,0.0,0.0,0.0,0.0,0.0,0.0,0.0,0.0,0.0,0.0012498874126818744,0.0014190838954477286,0.0,0.0,0.0,0.0,0.0,0.0,0.0,0.0,0.0,0.0,0.0,0.0,0.0,0.0014285300590527964,0.0,0.0,0.0,0.0,0.0,0.0,0.0,0.0,0.0,0.0,0.0,0.0,0.0,0.0,0.0,0.0,0.0,0.0,0.0,0.0,0.0,0.0,0.0,0.0,0.0,0.0,0.0,1.0,0.0,0.0,0.0,0.0,0.0008079212566460202,0.0,0.0,0.0,0.0,0.0,0.0,0.0,0.0,0.0,0.0,0.0,0.0,0.0,0.0009880855969911257,0.0,0.0,0.0008088801230925195,0.0,0.0,0.0026253960329991237,0.0,0.0012179672864126162,0.0
20250219_1451_sbom_data.json,0.0,0.0,0.0,0.0,0.0027307280742299516,0.0,0.0,0.0,0.0,0.0,0.0,0.0,0.0,0.0,0.0,0.0,0.0,0.0,0.0,0.0,0.0,0.0,0.0,0.0,0.0,0.0,0.0,0.0,0.0,0.0,0.0,0.0,0.0,0.0,0.0,0.0,0.0,0.0,0.0,0.0,0.0,0.0,0.0,0.0,0.0,0.0,0.0,0.0,0.0,0.0,0.0,0.0,0.0,0.0,0.0,0.0,0.051158780877020894,0.0017805285294772181,0.0,0.0,0.0,0.0,0.2509558270904329,0.0,0.0,0.0,0.0,0.0,0.0,0.0,0.0,0.0,1.0,0.0,0.0,0.0,0.0,0.0,0.0,0.0,0.0,0.0,0.2509558270904329,0.0,0.0,0.0,0.0,0.0,0.2509558270904329,0.0,0.0031946881033929238,0.0,0.0,0.0,0.0,0.0,0.0,0.0,0.0,0.009675876876050416
20250319_857_sbom_data.json,0.11386474597308915,0.0,0.002656580255034688,0.08451062193754737,0.12501178013683997,0.15063862049680019,0.07653420841975737,0.0,0.009579760287946075,0.0068969027235837345,0.0,0.0,0.0,0.0,0.0,0.0,0.003504685837897372,0.19679803013565067,0.16175258798818434,0.0,0.0,0.0,0.0,0.0,0.0,0.0,0.0,0.0,0.1583667243226471,0.17516642231939245,0.06862244571148758,0.0,0.0,0.0,0.00256484685224302,0.0,0.04704170920891341,0.0016802886034423539,0.0,0.0,0.005709061388929323,0.0,0.0,0.1926544287074461,0.0,0.0,0.009189551763112844,0.0,0.34126237665241854,0.0042645680774066105,0.03736873351717757,0.0,0.0,0.0,0.0,0.0,0.0,0.1776617520673182,0.0,0.0,0.0,0.0,0.0,0.0,0.0,0.0,0.1907989547766893,0.06810922607908701,0.14581626375921783,0.035814402020739315,0.0,0.0,0.0,1.0,0.06215975937567767,0.03654990776998324,0.12213749961401982,0.0,0.0,0.0,0.0,0.30116598157963276,0.0,0.0,0.027226361024479666,0.14222497645017176,0.009974762076152343,0.0,0.0,0.0,0.1048865847624477,0.0,0.13286336579876615,0.11683573975876257,0.02654419963872216,0.0,0.08518094075832576,0.0,0.16884373570138445,0.04678885869191813
20250302_1466_sbom_data.json,0.06977864694729433,0.0,0.0,0.07045771153371831,0.09301005898933196,0.1985327489403481,0.06405802566774224,0.0,0.016559614757491684,0.010971401684280714,0.0,0.0,0.0,0.0,0.0,0.0,0.003058247751877644,0.24688602286083058,0.199295179481413,0.0,0.0,0.0,0.0,0.0015704819921234486,0.0,0.0,0.0,0.0,0.2095770706458077,0.22310077563148958,0.21095591600826016,0.001550774220018709,0.0,0.0,0.06718448008248219,0.0,0.06752228060325348,0.005934561754554652,0.0015025511229148079,0.0,0.06749742629884871,0.0,0.0,0.23945834602515434,0.0,0.0,0.1652598880371054,0.0,0.0013318795642859572,0.0664634628964811,0.02677167856035022,0.0,0.0,0.0,0.0,0.0,0.0020844370151650343,0.1525134151412016,0.0,0.0,0.0,0.0,0.0,0.0,0.0020872938539075914,0.0,0.10914628928363694,0.04419849319715278,0.0829567757233832,0.5231096744124051,0.0035274789288235646,0.0,0.0,0.06215975937567767,1.0,0.0291790988192795,0.18293793814615594,0.0,0.0,0.0,0.0,0.021966684035001193,0.0,0.0,0.09989862393783744,0.10274713728147246,0.03807620128003491,0.0,0.0,0.0,0.12254572577052844,0.0,0.07421618488595659,0.15779865319629333,0.07517609140736581,0.0,0.015520895951404379,0.0,0.22333435751784617,0.061576918525066554
20250329_223_sbom_data.json,0.038739297413938195,0.0,0.0,0.03030268185851434,0.044967453337984575,0.01631081067971039,0.011340894586425699,0.0,0.02508527735637624,0.0028984209794866997,0.0,0.0,0.0,0.0,0.0,0.0,0.0625459519951662,0.0441314104133587,0.025050146190541207,0.0,0.0,0.0,0.0,0.03786843459692431,0.0,0.0,0.0,0.0,0.06157652263740266,0.05051883366876422,0.05466155310657828,0.0,0.0,0.0,0.08304580310121738,0.0,0.03096568349683568,0.0017814147149222816,0.05562507023729323,0.0,0.011303882908268302,0.0,0.0,0.05235843708942362,0.0,0.0,0.010701390306203073,0.0,0.0015214836285727211,0.03942836288246483,0.018205079685294542,0.0,0.0,0.0,0.0,0.0,0.008386694503584702,0.03283343006878423,0.0,0.0,0.002668842706386774,0.0,0.0,0.0,0.002826690694153056,0.0,0.015658035580565752,0.030237493693579056,0.031334186094848546,0.019687663044321985,0.0023488692026368916,0.0,0.0,0.03654990776998324,0.0291790988192795,1.0,0.09184279482726096,0.0,0.0,0.0,0.0,0.06465544126036021,0.0,0.0,0.08693393314149704,0.04227877339356093,0.004090620227254645,0.0,0.0,0.0,0.0706416385116812,0.0,0.06864453998503045,0.0566226649871857,0.016088005388010574,0.0,0.016742289013997557,0.0,0.146888064515886,0.10767956997653166
20250301_261_sbom_data.json,0.09173887705411732,0.0,0.0007475194579815446,0.16256241406398392,0.09736437598835718,0.582009869105843,0.10789269659575061,0.0,0.02834883968343319,0.01609931701764705,0.0,0.0,0.0,0.0,0.0,0.0,0.0022029489400990834,0.3597367819561569,0.5138331941935351,0.0,0.0,0.0,0.0,0.0007358032194904664,0.0,0.0,0.0,0.0,0.31756393538561845,0.336239711256379,0.11378914406069097,0.0015676055115220087,0.0,0.0,0.07961103359907666,0.0,0.04626034162802619,0.004261516170625916,0.000741486062613652,0.0,0.06826536556767751,0.0,0.0,0.3490272515617658,0.0,0.0,0.11389100559966951,0.0,0.0007030419460312984,0.03472842994600374,0.03947828010985319,0.0,0.0,0.0,0.0,0.0,0.0040441992217639345,0.3031209051844898,0.0,0.0,0.0,0.0,0.0,0.0,0.0,0.0,0.2852791238054127,0.1576458284286319,0.11625437223758675,0.2002879550401417,0.001646201187907841,0.0008079212566460202,0.0,0.12213749961401982,0.18293793814615594,0.09184279482726096,1.0,0.0,0.0,0.0,0.0,0.00831595809170963,0.0,0.0,0.04040301762413399,0.06033036257291751,0.10202837727550479,0.0,0.0,0.0,0.44588267049635283,0.0,0.07496358960849203,0.5096608609299226,0.1284706535744537,0.0,0.09141939046735065,0.0,0.3382558171711857,0.02706049600550265
20250312_876_sbom_data.json,0.0,0.0,0.0,0.0,0.0,0.0,0.0,0.0,0.0,0.0,0.0,0.0,0.0,0.0,0.0,0.0,0.0,0.0,0.0,0.0,0.0,0.0,0.0,0.0,0.0,0.0,0.0,0.0,0.0,0.0,0.0,0.0,0.0,0.0,0.0,0.0,0.0,0.0,0.0,0.0,0.0,0.0,0.0,0.0,0.0,0.0,0.0,0.0,0.0,0.0,0.0,0.0,0.0,0.0,0.0,0.0,0.0,0.0,0.0,0.0,0.0,0.0,0.0,0.0,0.0,0.0,0.0,0.0,0.0,0.0,0.0,0.0,0.0,0.0,0.0,0.0,0.0,1.0,0.0,0.0,0.0,0.0,0.0,0.0,0.0,0.0,0.0,0.0,0.0,0.0,0.0,0.0,0.0,0.0,0.0,0.0,0.0,0.0,0.0,0.0
20250209_351_sbom_data.json,0.0,0.0,0.0,0.0,0.0,0.0,0.0,0.0,0.0,0.0,0.0,0.0,0.0,0.0,0.0,0.0,0.0,0.0,0.0,0.0,0.0,0.0,0.0,0.0,0.0,0.0,0.0,0.0,0.0,0.0,0.0,0.0,0.0,0.0,0.0,0.0,0.0,0.0,0.0,0.0,0.0,0.0,0.0,0.0,0.0,0.0,0.0,0.0,0.0,0.0,0.0,0.0,0.0,0.14434028976989666,0.0,0.0,0.0,0.0,0.0,0.0,0.0,0.0,0.0,0.0,0.0,0.0,0.0,0.0,0.0,0.0,0.0,0.0,0.0,0.0,0.0,0.0,0.0,0.0,1.0,0.0,0.0,0.0,0.0,0.0,0.0,0.0,0.0,0.0,0.0,0.0,0.0,0.0,0.010575058254153516,0.0,0.0,0.0,0.0,0.0,0.0,0.0
20250218_533_sbom_data.json,0.0,0.0,0.0,0.006445583454577101,0.0,0.0,0.0,0.0,0.0,0.0,0.0,0.0,0.0,0.0,0.0,0.0,0.0,0.0,0.0,0.0,0.0,0.0,0.0,0.0,0.0,0.0,0.012225220828019471,0.0,0.0,0.0,0.0,0.0,0.0,0.0,0.0,0.0,0.0,0.0,0.0,0.0,0.0,0.0,0.0,0.0,0.0,0.0,0.0,0.0,0.0,0.0,0.0,0.0,0.02758057066787886,0.0,0.0,0.04402134891309443,0.0,0.0,0.0,0.0,0.0,0.0,0.0,0.0,0.0,0.0,0.0,0.0,0.0,0.0,0.0,0.0,0.0,0.0,0.0,0.0,0.0,0.0,0.0,1.0,0.0,0.0,0.0,0.0,0.0,0.0,0.0,0.0,0.0,0.0,0.0,0.0,0.0,0.0,0.0,0.0,0.0,0.0,0.0,0.0
20250405_1585_sbom_data.json,0.0,0.0,0.0,0.0,0.0,0.0,0.0,0.0,0.0,0.0,0.0,0.0,0.0,0.0,0.0,0.06096437850148954,0.0,0.0,0.0,0.0,0.0,0.0,0.0,0.0,0.0,0.0,0.0,0.0,0.0,0.0,0.0,0.0,0.0,0.0,0.0,0.0,0.0,0.0,0.0,0.008551852151797516,0.0,0.0,0.0,0.0,0.0,0.06397192800120671,0.0,0.0,0.0,0.0,0.0,0.0,0.0,0.0,0.0,0.0,0.0,0.0,0.0,0.0,0.0,0.0,0.0,0.0,0.0,0.0,0.035209958820088996,0.0,0.0,0.0,0.0,0.0,0.0,0.0,0.0,0.0,0.0,0.0,0.0,0.0,1.0,0.0,0.0,0.06096437850148954,0.0,0.0,0.0,0.0,0.0,0.4352286557716904,0.0,0.3331534989426477,0.0,0.0,0.0,0.060609407914713025,0.0,0.0,0.0,0.0
20250227_1478_sbom_data.json,0.07221627015710651,0.0,0.0,0.014477950229244108,0.023078732762493497,0.005115733400370202,0.001559291232995767,0.0,0.002205777582691798,0.0034106296350699485,0.0,0.0,0.0,0.0,0.0,0.0,0.004805748429245683,0.03460845614431373,0.004280731063820115,0.0,0.0,0.0,0.0,0.0,0.0,0.0,0.0,0.0,0.05444747613596919,0.044233293553138736,0.021944193107651885,0.0,0.0,0.0,0.0016568464706633438,0.0,0.015680714685283627,0.0,0.002958537025100885,0.0,0.00427114075178092,0.0,0.0,0.033890119212435184,0.0,0.0,0.0010675565148149963,0.0,0.4824635286558743,0.021494664658583938,0.021473318450272262,0.0,0.0,0.0,0.0,0.0,0.0,0.022857337703077206,0.0,0.0,0.0,0.0,0.0,0.0,0.0,0.0,0.00527956571689272,0.007286346933366946,0.020562087970905602,0.006415237395304892,0.0,0.0,0.0,0.30116598157963276,0.021966684035001193,0.06465544126036021,0.00831595809170963,0.0,0.0,0.0,0.0,1.0,0.0,0.0,0.09529258082974335,0.023270582624025662,0.0051032106596003626,0.0,0.0,0.0,0.0035749449789311515,0.0,0.11297418114074831,0.00730247892485812,0.01733252546766818,0.0,0.00301143062499726,0.0,0.04177679077640722,0.1801419771068961
20250208_1394_sbom_data.json,0.0,0.0,0.0,0.0,0.0027531679946851627,0.0,0.0,0.0,0.0,0.0,0.0,0.0,0.0,0.0,0.0,0.0,0.0,0.0,0.0,0.0,0.0,0.0,0.0,0.0,0.0,0.0,0.0,0.0,0.0,0.0,0.0,0.0,0.0,0.0,0.0,0.0,0.0,0.0,0.0,0.0,0.0,0.0,0.0,0.0,0.0,0.0,0.0,0.0,0.0,0.0,0.0,0.0,0.0,0.0,0.0,0.0,0.0603783737519549,0.0017900416328125875,0.0,0.0,0.0,0.0,1.0,0.0,0.0,0.0,0.0,0.0,0.0,0.0,0.0,0.0,0.2509558270904329,0.0,0.0,0.0,0.0,0.0,0.0,0.0,0.0,0.0,1.0,0.0,0.0,0.0,0.0,0.0,1.0,0.0,0.0013319246256141234,0.0,0.0,0.0,0.0,0.0,0.0,0.0,0.0,0.0
20250325_816_sbom_data.json,0.0,0.0,0.0,0.0,0.0,0.0,0.0,0.0,0.0,0.0,0.0,0.0,0.0,0.0,0.0,1.0,0.0,0.0,0.0,0.0,0.0,0.0,0.0,0.0,0.0,0.0,0.0,0.0,0.0,0.0,0.0,0.0,0.0,0.0,0.0,0.0,0.0,0.0,0.0,0.008265695879966017,0.0,0.0,0.0,0.0,0.0,0.9089749720972083,0.0,0.0,0.0,0.0,0.0,0.0,0.0,0.0,0.0,0.0,0.0,0.0,0.0,0.0,0.0,0.0,0.0,0.0,0.0,0.0,0.017391906889208598,0.0,0.0,0.0,0.0,0.0,0.0,0.0,0.0,0.0,0.0,0.0,0.0,0.0,0.06096437850148954,0.0,0.0,1.0,0.0,0.0,0.0,0.0,0.0,0.05888759841840066,0.0,0.09743947726042168,0.0,0.0,0.0,0.989271937864795,0.0,0.0,0.0,0.0
20250402_1511_sbom_data.json,0.09115165832558585,0.0,0.0,0.03362540102477168,0.04660912288319107,0.025815290562168604,0.003049513264082111,0.0,0.03302766123722738,0.010860852496008077,0.0,0.0,0.0,0.0,0.0,0.0,0.007186161709850154,0.10153409156898509,0.031086428849028968,0.0,0.0,0.0,0.0,0.021136293226096482,0.0,0.0,0.0,0.0,0.12874078542588815,0.11344958826250609,0.058400024465972616,0.0,0.0,0.0,0.021964214567175247,0.0,0.03287578539924279,0.0024807662117079183,0.07126931867596377,0.0,0.0032629939981411323,0.0,0.0,0.1067415561811445,0.0,0.0,0.00602578962417282,0.0,0.004407523421302856,0.20485617586839147,0.026714802298816214,0.0,0.0,0.0,0.0,0.0,0.0030202971529604866,0.05538748675772451,0.0,0.0,0.0035226429615596547,0.0,0.0,0.0,0.003244126147464789,0.0,0.025970347044866355,0.015369927747726768,0.04961665480349591,0.057982810818638646,0.0030743041606468274,0.0,0.0,0.027226361024479666,0.09989862393783744,0.08693393314149704,0.04040301762413399,0.0,0.0,0.0,0.0,0.09529258082974335,0.0,0.0,1.0,0.04812874125202505,0.008957099196369972,0.0,0.0,0.0,0.015469663640783142,0.0,0.1432893019744915,0.056893967812110605,0.07186882844540975,0.0,0.010006580082195338,0.0,0.12494943826720628,0.27262321231189646
20250406_1002_sbom_data.json,0.08974350839061726,0.0,0.00612486489329565,0.029295234515296906,0.11040009370063537,0.0669203220830527,0.013289104238698715,0.0,0.003332680290008324,0.0018966060681957022,0.0,0.0,0.0,0.0,0.0,0.0,0.011761979775847163,0.1152147060194948,0.08457889162283007,0.0,0.0,0.0,0.0,0.0,0.0,0.0,0.0,0.0,0.08982078206218679,0.09954639592964808,0.07259326830078731,0.003803951317064599,0.0,0.0,0.004202299808903098,0.0,0.02661829879215278,0.0,0.0,0.0,0.012092633068826122,0.0,0.0,0.11284680257634143,0.0,0.0,0.012409253346443386,0.0,0.0,0.0024406392041298242,0.011006568241502297,0.0,0.0,0.0,0.0,0.0,0.0,0.08514144001407736,0.0,0.0,0.0,0.0,0.0,0.0,0.0,0.0,0.08357805263045393,0.021331751382897685,0.11741781564549383,0.06281245453879954,0.0,0.0,0.0,0.14222497645017176,0.10274713728147246,0.04227877339356093,0.06033036257291751,0.0,0.0,0.0,0.0,0.023270582624025662,0.0,0.0,0.04812874125202505,1.0,0.007013324226903951,0.0,0.0,0.0,0.037964423790881406,0.0,0.09465250956843538,0.05023644653810418,0.026832514783882423,0.0,0.015751060062032852,0.0,0.10918376297660558,0.06056614282016658
20250407_861_sbom_data.json,0.03181999996897932,0.0,0.005968253940761046,0.052886542699039085,0.01658673996759928,0.04290779392603763,0.013063686125006923,0.0,0.08191701148260169,0.014333822942435362,0.0,0.0,0.0,0.0,0.0,0.0,0.0,0.020088402520628507,0.04862389741409327,0.0,0.0,0.0,0.0,0.0,0.0,0.0,0.0,0.0,0.01620444671026049,0.011961561102531704,0.05878381813193047,0.0028020875213807385,0.0,0.0,0.024340213081855532,0.0,0.03725646372757679,0.0031625558022675667,0.0,0.0,0.06225749171997785,0.0,0.0,0.014932210665917413,0.0,0.0,0.053634825083754764,0.0,0.0,0.01033643592010768,0.03063028164918367,0.0,0.0,0.0,0.0,0.0,0.0,0.0801785685466734,0.0,0.0,0.0,0.0,0.0,0.0,0.0,0.0,0.04487776376434263,0.10360656355921523,0.03793868481171412,0.04791240471617421,0.0,0.0,0.0,0.009974762076152343,0.03807620128003491,0.004090620227254645,0.10202837727550479,0.0,0.0,0.0,0.0,0.0051032106596003626,0.0,0.0,0.008957099196369972,0.007013324226903951,1.0,0.0,0.0,0.0,0.05791735940581951,0.0,0.0320412156726547,0.06899298684949112,0.10028577756908487,0.0,0.048970016018762635,0.0,0.01622818877838393,0.008837928819345154
20250226_192_sbom_data.json,0.0,0.0,0.0,0.0,0.0,0.0,0.0,0.0,0.0,0.0,0.0,0.0,0.0,0.0,0.0,0.0,0.0,0.0,0.0,0.0,0.0,0.0,0.0,0.0,0.0,0.0,0.0,0.0,0.0,0.0,0.0,0.0,0.0,0.0,0.0,0.0,0.0,0.0,0.0,0.0,0.0,0.0,0.0,0.0,0.0,0.0,0.0,0.0,0.0,0.0,0.0,0.0,0.0,0.0,0.0,0.0,0.0,0.0,0.0,0.0,0.0,0.0,0.0,0.0,0.0,0.0,0.0,0.0,0.0,0.0,0.0,0.0,0.0,0.0,0.0,0.0,0.0,0.0,0.0,0.0,0.0,0.0,0.0,0.0,0.0,0.0,0.0,1.0,0.0,0.0,0.0,0.0,0.0,0.0,0.0,0.0,0.0,0.0,0.0,0.0
20250217_1222_sbom_data.json,0.0,0.0,0.0,0.0,0.0027531679946851627,0.0,0.0,0.0,0.0,0.0,0.0,0.0,0.0,0.0,0.0,0.0,0.0,0.0,0.0,0.0,0.0,0.0,0.0,0.0,0.0,0.0,0.0,0.0,0.0,0.0,0.0,0.0,0.0,0.0,0.0,0.0,0.0,0.0,0.0,0.0,0.0,0.0,0.0,0.0,0.0,0.0,0.0,0.0,0.0,0.0,0.0,0.0,0.0,0.0,0.0,0.0,0.0603783737519549,0.0017900416328125875,0.0,0.0,0.0,0.0,1.0,0.0,0.0,0.0,0.0,0.0,0.0,0.0,0.0,0.0,0.2509558270904329,0.0,0.0,0.0,0.0,0.0,0.0,0.0,0.0,0.0,1.0,0.0,0.0,0.0,0.0,0.0,1.0,0.0,0.0013319246256141234,0.0,0.0,0.0,0.0,0.0,0.0,0.0,0.0,0.0
20250215_700_sbom_data.json,0.0,0.0,0.0,0.0,0.0,0.0,0.0,0.0,0.0,0.0,0.0,0.0,0.0,0.0,0.0,0.05888759841840066,0.0,0.0,0.0,0.0,0.0,0.0,0.0,0.0,0.0,0.0,0.0,0.0,0.0,0.0,0.0,0.0,0.0,0.0,0.0,0.0,0.0,0.0,0.0,0.012516014040323084,0.0,0.0,0.0,0.0,0.0,0.06254438508968012,0.0,0.0,0.0,0.0,0.0,0.0,0.0,0.0,0.0,0.0,0.0,0.0,0.0,0.0,0.0,0.0,0.0,0.0,0.0,0.0,0.04267469266073668,0.0,0.0,0.0,0.0,0.0,0.0,0.0,0.0,0.0,0.0,0.0,0.0,0.0,0.4352286557716904,0.0,0.0,0.05888759841840066,0.0,0.0,0.0,0.0,0.0,1.0,0.0,0.3276034554846037,0.0,0.0,0.0,0.05847809796188495,0.0,0.0,0.0,0.0
20250327_1532_sbom_data.json,0.07047523116773062,0.0,0.0009110060090730832,0.2281404961654524,0.08767597280246385,0.5069427998908506,0.13996645797843205,0.0,0.03540587680084638,0.05287459695225477,0.0,0.0,0.0,0.0,0.0,0.0,0.0008747562428567469,0.2481767189712417,0.5943199166071561,0.0,0.0,0.0,0.0,0.000896648532756083,0.0,0.0,0.0,0.0,0.23263209783006128,0.23424330269419008,0.08603551780218843,0.0022656325794784046,0.0,0.0,0.12423563131164267,0.0,0.026203359331637633,0.0017757475430499397,0.0020092931189583402,0.0,0.15773213006437642,0.0,0.0,0.25627069980317463,0.0,0.0,0.20666012947092777,0.0,0.0008363153125548106,0.02075288744103793,0.03222595322771227,0.0,0.0,0.0,0.0,0.0,0.0033330772093368415,0.34080983787050023,0.0,0.0,0.0,0.0,0.0013319246256141234,0.0,0.0,0.0,0.3206796150863045,0.1833155423820624,0.08925754829642915,0.1881519152090145,0.0009206168369062783,0.0009880855969911257,0.0031946881033929238,0.1048865847624477,0.12254572577052844,0.0706416385116812,0.44588267049635283,0.0,0.0,0.0,0.0,0.0035749449789311515,0.0013319246256141234,0.0,0.015469663640783142,0.037964423790881406,0.05791735940581951,0.0,0.0013319246256141234,0.0,1.0,0.0,0.0504550806862591,0.4178954190852181,0.06961091003232432,0.0,0.15429341397731738,0.0,0.23908888415560117,0.02289474796325611
20250421_528_sbom_data.json,0.0,0.0,0.0,0.0,0.0,0.0,0.0,0.0,0.0,0.0,0.0,0.0,0.0,0.0,0.0,0.09743947726042168,0.0,0.0,0.0,0.0,0.0,0.0,0.0,0.0,0.0,0.0,0.0,0.0,0.0,0.0,0.0,0.0,0.0,0.0,0.0,0.0,0.0,0.0,0.0,0.008143803912982375,0.0,0.0,0.0,0.0,0.0,0.10550703831534873,0.0,0.0,0.0,0.0,0.0,0.0,0.0,0.0,0.0,0.0,0.0,0.0,0.0,0.0,0.0,0.0,0.0,0.0,0.0,0.0,0.08207814217890252,0.0,0.0,0.0,0.0,0.0,0.0,0.0,0.0,0.0,0.0,0.0,0.0,0.0,0.3331534989426477,0.0,0.0,0.09743947726042168,0.0,0.0,0.0,0.0,0.0,0.3276034554846037,0.0,1.0,0.0,0.0,0.0,0.10334315328281278,0.0,0.0,0.0,0.0
20250217_1561_sbom_data.json,0.6370577245517577,0.0,0.0,0.1740702231503388,0.12907067720047743,0.0669225186490021,0.009468829599755568,0.0,0.03208669112855537,0.026208173806483888,0.0,0.0,0.0,0.0,0.0,0.0,0.003216060693774364,0.13616659965909628,0.07433650909361776,0.0,0.0,0.0,0.0,0.006751516895866566,0.0,0.0,0.0,0.0,0.17949766028161704,0.17546326408049454,0.12800286548798304,0.047524780286924515,0.0,0.0,0.02487774011884942,0.0,0.06202092404434572,0.010434499393850967,0.01424014678077391,0.0,0.027824633307414755,0.0,0.0,0.13394727528419476,0.0,0.0,0.03731242161241916,0.0,0.0018703960944370741,0.027038654225468164,0.03869731867021945,0.0,0.0,0.0033222385847469504,0.0,0.0,0.0,0.10377783105376263,0.0,0.0,0.002293838569527172,0.0,0.0,0.0,0.0,0.0,0.08537485009373282,0.05410282112521189,0.485045800336812,0.05019667934751921,0.0020263525079252894,0.0,0.0,0.13286336579876615,0.07421618488595659,0.06864453998503045,0.07496358960849203,0.0,0.010575058254153516,0.0,0.0,0.11297418114074831,0.0,0.0,0.1432893019744915,0.09465250956843538,0.0320412156726547,0.0,0.0,0.0,0.0504550806862591,0.0,1.0,0.0701181542562755,0.08296970647984314,0.0,0.022134167453373255,0.0,0.1415052907077918,0.1809806721417564
20250426_1120_sbom_data.json,0.08366525442468833,0.0,0.0007483926102206612,0.17709827372335954,0.09467296541526993,0.6385116117648114,0.15091591308014093,0.0,0.04103148433643632,0.03198814534600797,0.0,0.0,0.0,0.0,0.0,0.0,0.0007199178142455003,0.34332007253208424,0.5002413367971229,0.0,0.0,0.0,0.0,0.01276085338003838,0.0,0.0,0.0,0.0,0.3130073791023935,0.3240478903193265,0.12629371919920598,0.0007397636437353783,0.0,0.0,0.0674124573447103,0.0,0.06690499887969956,0.020275494967546232,0.040706389888527574,0.0,0.07406199935523362,0.0,0.0,0.3431310406279973,0.0,0.0,0.1675832830467928,0.0,0.000703771075118924,0.039830861738591,0.05044360707637946,0.0,0.0,0.0,0.0,0.0,0.007589923685770473,0.2810239801505506,0.0,0.0,0.0010325745344158365,0.0,0.0,0.0,0.003074093574031944,0.0,0.27468289017338726,0.17453542338848152,0.10741925918039258,0.20307286813541472,0.0033347588944841883,0.0008088801230925195,0.0,0.11683573975876257,0.15779865319629333,0.0566226649871857,0.5096608609299226,0.0,0.0,0.0,0.0,0.00730247892485812,0.0,0.0,0.056893967812110605,0.05023644653810418,0.06899298684949112,0.0,0.0,0.0,0.4178954190852181,0.0,0.0701181542562755,1.0,0.09785143932482933,0.0,0.15387292758224597,0.0,0.35580091898617877,0.02983232638492546
20250417_234_sbom_data.json,0.10845191174102953,0.001690360619701343,0.0013111100503905683,0.07257450711172439,0.0342128004580685,0.07713226146230848,0.017789099293304817,0.0,0.015396241350126893,0.04882546735374223,0.0,0.0,0.0,0.0,0.0016702213923425722,0.0,0.004213451043740794,0.09663718437284434,0.0738722181587427,0.0,0.0016721873437516408,0.0,0.0,0.005076247371723922,0.0,0.0,0.0,0.0,0.09065414927145009,0.09328394860738784,0.07102352338763808,0.0012811669627877176,0.0,0.0,0.016164670369831366,0.0,0.049633927446152346,0.0048621523799784756,0.0,0.0,0.047704248630226154,0.0,0.0,0.09475853199045409,0.0,0.0,0.042045271704416756,0.0016737496706115248,0.0,0.08954530644141097,0.03281016734275542,0.0,0.0,0.0,0.0,0.0,0.001311969816350416,0.09839623598686097,0.0,0.0,0.0,0.0,0.0,0.0,0.0,0.0,0.0642534408497756,0.06731350505400843,0.0988544538952559,0.07011463273295958,0.0,0.0,0.0,0.02654419963872216,0.07517609140736581,0.016088005388010574,0.1284706535744537,0.0,0.0,0.0,0.0,0.01733252546766818,0.0,0.0,0.07186882844540975,0.026832514783882423,0.10028577756908487,0.0,0.0,0.0,0.06961091003232432,0.0,0.08296970647984314,0.09785143932482933,1.0,0.0,0.040513663090061276,0.0,0.10436652879996812,0.030012828471863713
20250415_1518_sbom_data.json,0.0,0.0,0.0,0.0,0.0,0.0,0.0,0.0,0.0,0.0,0.0,0.0,0.0,0.0,0.0,0.989271937864795,0.0,0.0,0.0,0.0,0.0,0.0,0.0,0.0,0.0,0.0,0.0,0.0,0.0,0.0,0.0,0.0,0.0,0.0,0.0,0.0,0.0,0.0,0.0,0.00818204038708223,0.0,0.0,0.0,0.0,0.0,0.9189482727149024,0.0,0.0,0.0,0.0,0.0,0.0,0.0,0.0,0.0,0.0,0.0,0.0,0.0,0.0,0.0,0.0,0.0,0.0,0.0,0.0,0.01735286484519768,0.0,0.0,0.0,0.0,0.0,0.0,0.0,0.0,0.0,0.0,0.0,0.0,0.0,0.060609407914713025,0.0,0.0,0.989271937864795,0.0,0.0,0.0,0.0,0.0,0.05847809796188495,0.0,0.10334315328281278,0.0,0.0,0.0,1.0,0.0,0.0,0.0,0.0
20250410_1473_sbom_data.json,0.028015770210928662,0.0,0.0,0.1512143214503833,0.053227482007998726,0.11155249634424626,0.1848300563147364,0.0,0.025567415242582582,0.10383021647189612,0.0,0.0,0.0,0.0,0.0,0.0,0.0035984077701619026,0.03755071137681047,0.12588680048083264,0.0,0.0,0.0,0.00286613448344095,0.003593091728325393,0.0,0.0,0.0,0.0,0.036441942636656996,0.03457113560207531,0.03840246517335992,0.0,0.0,0.0,0.04819714790862546,0.002103530403166892,0.017719983969157197,0.0011630181409108427,0.005443782249056405,0.0,0.11664081613917276,0.0,0.0,0.03635377745404934,0.0,0.0,0.1465330113752446,0.0,0.001079146079618103,0.030935727418339998,0.03144842409155464,0.0,0.0,0.0,0.0,0.0,0.0038150941564414663,0.15689144913602243,0.0,0.0,0.001947662119915515,0.0,0.0,0.0,0.012503096181419465,0.0,0.16872234969216662,0.14545681597249613,0.029627968458140537,0.04165011524890718,0.0012445749706805175,0.0026253960329991237,0.0,0.08518094075832576,0.015520895951404379,0.016742289013997557,0.09141939046735065,0.0,0.0,0.0,0.0,0.00301143062499726,0.0,0.0,0.010006580082195338,0.015751060062032852,0.048970016018762635,0.0,0.0,0.0,0.15429341397731738,0.0,0.022134167453373255,0.15387292758224597,0.040513663090061276,0.0,1.0,0.0,0.04506534159468986,0.0010719235976867495
20250427_294_sbom_data.json,0.0,0.0,0.0,0.0,0.0,0.0,0.0,0.0,0.0,0.0,0.0,0.0,0.0,0.0,0.0,0.0,0.0,0.0,0.0,0.0,0.0,0.0,0.0,0.0,0.13267469338451898,0.0,0.0,0.0,0.0,0.0,0.0,0.0,0.0,0.0,0.0,0.0,0.0,0.0,0.0,0.0,0.0,0.0,0.0,0.0,0.0,0.0,0.0,0.07093339906709288,0.0,0.0,0.0,0.0,0.0,0.0,0.0,0.0,0.0,0.0,0.0,0.0,0.0,0.14098567362247774,0.0,0.0,0.0,0.0,0.0,0.0,0.013350669554879397,0.0,0.0,0.0,0.0,0.0,0.0,0.0,0.0,0.0,0.0,0.0,0.0,0.0,0.0,0.0,0.0,0.0,0.0,0.0,0.0,0.0,0.0,0.0,0.0,0.0,0.0,0.0,0.0,1.0,0.0,0.0
20250315_1483_sbom_data.json,0.14676599334464688,0.0,0.0011179488571332438,0.058796023170359354,0.08853810080357342,0.39948987160506516,0.0009065188259425748,0.0,0.0022122949444652986,0.021197618144292742,0.0,0.0,0.0,0.0,0.0,0.0,0.0032834242904857497,0.7852596597910785,0.3245840308849311,0.0,0.0,0.0,0.0,0.026531094135364745,0.0,0.0,0.0,0.0,0.6846126519822879,0.7678544408004071,0.23159115073864406,0.002637494783015012,0.0,0.0,0.005813043820264485,0.0,0.0699884996689749,0.0021935364294513003,0.01980533095385629,0.0,0.021504418717288924,0.0,0.0,0.7977879801624079,0.0,0.0,0.07787799988403905,0.0,0.0009961433322511393,0.10702995424552432,0.025709748250729633,0.0,0.0,0.0,0.0,0.0,0.006059297763159518,0.18417010057630293,0.0,0.0,0.0,0.0,0.0,0.0,0.0016641902077380005,0.0,0.16008695832842337,0.046535178003985704,0.19487408386132554,0.16721548981158832,0.0038540269939366673,0.0012179672864126162,0.0,0.16884373570138445,0.22333435751784617,0.146888064515886,0.3382558171711857,0.0,0.0,0.0,0.0,0.04177679077640722,0.0,0.0,0.12494943826720628,0.10918376297660558,0.01622818877838393,0.0,0.0,0.0,0.23908888415560117,0.0,0.1415052907077918,0.35580091898617877,0.10436652879996812,0.0,0.04506534159468986,0.0,1.0,0.08986686006551112
20250317_1341_sbom_data.json,0.08778029259130968,0.0,0.0,0.01677564226213871,0.025789905993935776,0.021182095682984327,0.0,0.0,0.0,0.004489779813591617,0.0,0.0,0.0,0.0,0.0,0.0,0.01255403954645423,0.07836133520660667,0.019981351492951036,0.0,0.0,0.0,0.0,0.0,0.0,0.0,0.0,0.0,0.10621455514995566,0.09517584513542411,0.07669824868867836,0.004048102318773243,0.0,0.0,0.002177615515606491,0.0,0.05615186562378015,0.004334504134327765,0.0,0.0,0.0027320175987816764,0.0,0.0,0.08590870835745178,0.0,0.0,0.002867544642518705,0.0,0.003685329739062706,0.05915518270023812,0.013163947305524412,0.0,0.0,0.0,0.0,0.0,0.005375797838354568,0.021974276265003114,0.0,0.0,0.0,0.0,0.0,0.0,0.0,0.0,0.007639514090836795,0.006310091294912426,0.028351776548580596,0.03203823906142579,0.0,0.0,0.009675876876050416,0.04678885869191813,0.061576918525066554,0.10767956997653166,0.02706049600550265,0.0,0.0,0.0,0.0,0.1801419771068961,0.0,0.0,0.27262321231189646,0.06056614282016658,0.008837928819345154,0.0,0.0,0.0,0.02289474796325611,0.0,0.1809806721417564,0.02983232638492546,0.030012828471863713,0.0,0.0010719235976867495,0.0,0.08986686006551112,1.0
